code,area,population,population growth,population density,median age,children under 15,people over 64,fertility rate,Indigenous,born in Oceania,born in north-west Europe,born in southern & eastern Europe,born in north Africa & Middle East,born in south-east Asia,born in north-east Asia,born in southern & central Asia,born in Americas,born in sub-Saharan Africa,born overseas,religious,speaks English at home,median house price,median income,low income (bottom quartile),high income (top quartile),postgraduates,uni grads),jobs: managers,jobs: professionals,jobs: technicians & trades,jobs: community work,jobs: clerical,jobs: sales,jobs: machinery & drivers,jobs: labourers,home owners (outright),home owners (mortage),renters,detached houses,disadvantaged (bottom quartiler),advantaged (top quartiler),articial surfaces,lng,lat
801011001,Aranda,2501.0,1.0166666666666666,1600.0,42.8,265.0,212.0,1.95,0.7,1.5,7.1,2.5,0.5,2.5,5.2,2.0,1.5,1.1,24.1,57.0,100.0,897500.0,70246.0,18.7,41.0,19.8,56.1,16.2,41.6,6.5,7.5,11.4,6.2,1.0,8.4,44.4,34.4,18.5,831.0,7.4,44.6,,149.08040991196629,-35.25815804005734
801011002,Belconnen,7634.0,1.1692449073364988,1724.8,31.0,380.0,254.0,1.01,1.2,1.8,3.9,2.0,2.4,7.2,16.3,9.0,2.1,1.3,46.2,57.1,98.8,,56580.0,23.1,25.7,14.5,45.6,9.5,35.2,8.0,15.2,11.8,8.1,2.0,8.4,9.4,19.8,68.0,867.0,15.2,19.8,0.0135135135135135,149.0676249375105,-35.23565157565873
801011003,Bruce,7679.0,1.0859850091924763,1324.5,28.0,394.0,346.0,1.01,0.8,1.7,3.5,1.8,1.8,5.5,15.0,5.9,2.1,1.3,38.4,55.8,98.1,990000.0,58418.0,23.3,30.3,13.2,45.1,11.5,37.4,7.9,13.8,12.0,7.3,1.7,6.8,18.0,21.7,56.9,1512.0,7.2,30.9,0.0052173913043478,149.09083498157926,-35.24404015148164
801011004,Charnwood,2860.0,0.9410990457387298,1541.0,35.7,347.0,177.0,2.36,3.1,1.9,4.9,1.8,1.0,4.9,1.0,1.2,1.9,0.9,19.4,76.1,86.0,502500.0,58169.0,19.3,25.3,3.9,18.3,8.6,19.3,13.8,13.8,16.9,9.0,1.0,16.6,21.6,44.1,31.5,1108.0,23.3,19.7,0.0245398773006134,149.03412954087813,-35.20017651912404
801011005,Cook,2810.0,0.9626584446728332,1775.0,43.5,254.0,235.0,1.9,1.3,1.5,8.2,2.6,0.8,3.3,3.0,2.4,2.4,0.8,25.1,58.1,85.7,787500.0,68674.0,17.1,39.1,18.7,52.7,9.8,47.8,5.6,8.4,9.8,6.7,0.8,6.5,38.2,35.1,24.5,1124.0,12.0,39.1,0.0192307692307692,149.06639691602703,-35.26007429684461
801011006,Dunlop,7131.0,0.9825020666850371,1985.9,35.4,902.0,291.0,1.92,2.2,1.8,4.1,1.9,0.9,3.8,1.6,3.6,1.4,1.1,20.2,77.5,97.4,610000.0,67903.0,15.8,33.9,5.8,24.4,11.4,27.6,10.4,12.9,17.1,6.8,3.2,8.5,18.2,61.4,18.8,2322.0,9.9,38.4,0.016260162601626,149.01981575285862,-35.19399292109814
801011007,Evatt,5207.0,0.9725438924168844,1701.5,38.1,608.0,368.0,1.82,1.7,1.3,4.8,2.5,0.8,2.5,2.0,2.0,1.6,1.0,18.8,69.7,103.5,627500.0,62317.0,18.4,30.7,7.4,29.6,15.6,29.8,10.2,12.4,13.8,5.1,2.7,8.7,33.9,43.0,21.1,1814.0,12.2,33.4,0.0106761565836298,149.0689187532509,-35.21189260411921
801011008,Florey,4655.0,0.936431301548984,1689.4,39.2,437.0,364.0,1.71,1.5,1.8,4.4,3.5,1.0,6.6,4.5,5.3,1.5,1.2,30.1,73.8,98.5,745000.0,59613.0,20.9,28.9,8.5,32.3,11.6,28.0,10.1,14.9,13.4,7.2,3.6,9.7,32.5,28.9,35.9,1769.0,20.4,29.8,0.03125,149.050001680978,-35.225869561272525
801011009,Flynn,3369.0,0.9717334871646957,1607.7,40.0,370.0,258.0,2.23,1.6,1.8,5.9,2.3,0.7,2.0,1.3,0.8,1.1,1.0,17.0,68.8,84.9,625000.0,65275.0,18.8,33.3,7.0,29.5,13.6,26.2,12.6,9.6,23.2,7.6,2.6,4.0,35.8,45.4,16.4,1131.0,10.0,35.6,0.0136986301369863,149.04389703976636,-35.205912388793365
801011010,Fraser,1960.0,0.9450337512054002,791.9,43.7,184.0,210.0,2.1,1.7,1.4,8.4,1.1,0.4,0.8,0.7,0.4,1.1,1.1,15.5,55.9,94.1,725000.0,62694.0,18.2,33.0,6.9,31.4,16.0,28.8,14.7,8.6,16.0,4.9,5.5,8.0,37.8,48.4,11.8,669.0,7.3,38.4,0.0122950819672131,149.0453445741244,-35.1916886652092
801011011,Giralang,3330.0,0.9946236559139784,1361.0,38.5,384.0,265.0,1.99,2.0,2.1,5.1,3.6,0.8,2.4,3.7,1.8,1.5,1.1,22.3,70.7,100.0,701250.0,62091.0,17.7,31.6,8.7,33.6,14.7,28.7,10.2,12.3,16.9,4.0,0.8,8.6,36.5,40.2,21.0,1132.0,11.5,34.0,0.0122950819672131,149.09599444367524,-35.21088896312471
801011012,Gooromon,7.0,1.1666666666666667,0.7,43.5,0.0,2.0,,,,,,,,,,,,,25.0,,,,,,,,,,,,,,,,,,,0.0,,,,149.06085909266415,-35.186711982648305
801011013,Hawker,2982.0,1.0098205215035556,1524.3,41.7,261.0,311.0,1.56,0.9,1.9,6.5,2.4,0.6,3.0,2.5,5.4,1.3,1.6,25.1,71.4,95.7,910000.0,62072.0,19.3,34.3,12.4,44.9,14.6,30.5,8.9,10.7,12.0,5.0,2.9,8.6,40.2,32.2,25.2,895.0,12.3,36.3,0.0159574468085106,149.0365686139206,-35.247034665970304
801011014,Higgins,3109.0,1.0006437077566783,1856.9,38.7,316.0,254.0,1.7,1.4,1.5,7.1,2.2,0.6,3.6,2.8,2.1,1.6,0.7,22.3,71.5,100.0,598000.0,60568.0,18.0,29.2,7.3,27.9,11.2,25.4,14.5,15.0,13.0,5.0,4.1,9.7,29.8,46.1,21.9,1074.0,16.5,30.3,0.0184049079754601,149.0272081160619,-35.232402647194526
801011015,Holt,4863.0,1.0469321851453175,1475.6,37.7,551.0,358.0,2.19,3.2,1.8,6.5,1.8,1.0,2.4,1.6,3.0,1.8,1.0,20.9,74.3,96.0,590000.0,59700.0,18.7,27.7,6.2,25.4,11.5,25.3,11.5,17.2,15.7,5.1,6.2,6.8,30.0,37.2,29.0,1770.0,21.4,21.7,0.0092307692307692,149.0118838911391,-35.22440090123718
801011016,Kaleen,7459.0,1.0081092039464792,1237.6,38.5,707.0,676.0,1.83,1.1,1.8,5.0,4.6,0.9,4.0,5.1,3.9,1.6,1.0,27.8,69.3,102.5,745000.0,58111.0,20.8,30.7,9.5,34.8,11.7,31.4,9.7,13.7,12.8,6.2,1.9,11.0,40.4,34.2,22.7,2475.0,13.2,34.4,0.0047543581616481,149.10918116936992,-35.22779875081625
801011017,Latham,3684.0,1.0137589433131535,1348.9,37.5,478.0,245.0,1.95,1.9,1.7,5.1,1.9,0.6,2.9,2.2,1.5,1.6,1.2,18.7,69.3,95.7,606500.0,60166.0,18.2,28.5,6.1,26.5,13.0,26.9,8.8,15.6,14.4,7.1,2.5,9.1,31.3,45.7,20.6,1286.0,14.9,31.1,0.0238095238095238,149.03144829991132,-35.21650756483687
801011018,Lawson,2012.0,,652.3,30.1,204.0,39.0,1.46,,2.0,2.7,,,3.4,19.6,18.2,2.0,2.0,53.4,59.5,,909500.0,65253.0,19.9,30.3,21.2,45.2,10.3,48.7,15.4,23.1,6.7,,,,7.9,60.5,31.6,36.0,9.2,33.8,,149.08821888707195,-35.22502817360575
801011019,Macgregor,7343.0,1.0958065960304433,1717.7,33.6,972.0,335.0,1.82,2.1,1.9,4.6,1.9,1.0,3.8,2.4,6.3,1.4,1.5,24.8,74.8,96.6,550000.0,66406.0,15.3,31.1,7.9,30.0,9.5,29.9,9.3,13.2,15.3,8.4,3.1,9.4,18.1,58.8,21.3,2388.0,9.0,39.0,0.0070588235294117,149.01101600811774,-35.20978915357394
801011020,Macquarie,2824.0,1.0250453720508168,1660.8,39.4,234.0,236.0,1.31,2.3,2.1,6.4,2.6,1.0,4.1,5.3,5.0,2.0,1.2,29.7,65.4,100.0,738500.0,58363.0,21.6,31.5,12.2,42.1,11.3,36.4,9.6,13.5,10.6,6.6,3.2,5.9,30.4,25.2,42.4,878.0,19.7,30.0,0.0414201183431952,149.0632506235711,-35.251172936170754
801011021,McKellar,2843.0,1.0088715400993613,2010.6,42.0,263.0,262.0,1.81,2.0,2.1,4.4,6.2,0.8,4.8,4.1,2.5,1.8,1.0,27.6,71.7,100.0,765000.0,61829.0,20.3,33.1,8.4,34.2,16.0,31.5,9.4,7.5,16.5,4.8,1.9,12.1,39.9,37.2,21.3,922.0,12.9,38.2,0.0208333333333333,149.07704071090384,-35.21751162905314
801011022,Melba,3246.0,1.0201131363922062,1406.8,39.1,389.0,278.0,2.27,1.7,2.2,6.0,2.7,0.9,2.3,2.0,2.0,1.6,0.8,20.4,69.5,110.6,635750.0,61313.0,19.7,31.4,7.8,33.0,13.6,30.1,10.3,10.3,15.6,3.6,1.0,9.9,34.5,41.1,22.1,1098.0,14.7,32.9,0.0129870129870129,149.05405593381545,-35.21014385225659
801011023,Page,3120.0,1.0263157894736843,2359.2,37.6,265.0,242.0,1.55,1.4,1.5,7.0,3.6,1.3,4.6,3.7,5.2,1.2,1.7,29.7,76.4,97.7,623000.0,54782.0,23.5,26.0,8.4,32.0,5.6,33.1,10.8,16.7,10.8,7.2,3.1,10.8,30.7,25.1,36.0,1101.0,21.2,24.3,0.0265486725663716,149.04988084888498,-35.23862363765876
801011024,Scullin,3020.0,1.0261637784573563,2117.8,35.8,335.0,192.0,1.99,1.7,1.5,5.7,1.8,1.3,2.8,3.7,5.0,1.7,1.9,25.1,71.5,100.0,598000.0,57988.0,19.6,28.5,9.5,33.8,9.3,28.1,12.9,16.3,12.1,5.6,3.1,9.8,28.0,34.9,34.3,1039.0,17.6,29.3,,149.03900655522165,-35.23460969706593
801011025,Spence,2635.0,1.0173745173745177,1730.8,38.2,299.0,191.0,1.84,2.4,1.9,5.9,2.5,0.8,2.4,0.9,0.9,1.5,0.7,16.8,72.9,94.8,687500.0,63501.0,18.0,30.2,6.7,28.200000000000003,10.2,33.3,7.1,12.9,12.9,4.4,3.6,8.4,33.8,42.2,22.2,884.0,13.6,31.9,0.02,149.0643837609741,-35.19871733221611
801011026,Weetangera,2650.0,1.0003775009437523,1673.8,43.7,248.0,260.0,1.99,0.3,1.9,6.1,3.2,0.8,1.3,3.3,2.6,1.9,1.2,22.4,63.7,100.0,934500.0,68923.0,18.6,39.5,15.2,49.400000000000006,15.2,40.0,5.9,9.3,12.8,3.4,4.1,8.6,48.6,34.5,14.7,828.0,5.5,47.5,0.0171428571428571,149.0497329631878,-35.250138789828476
801011111,Molonglo Corridor,12.0,1.0,0.5,57.0,0.0,4.0,,,,,,,,,,,,,75.0,,,171110.0,,,,,,,,,,,,,,100.0,100.0,4.0,,,,149.02048876938792,-35.25607618837838
801031031,Hume,434.0,1.0585365853658537,50.6,36.4,0.0,18.0,,22.6,2.8,0.9,2.3,3.3,2.8,1.2,2.8,0.7,0.7,16.7,99.0,0.0,,49896.0,34.6,19.2,,,,,,,,,,,,,,0.0,,,,149.16582131292677,-35.38547168089283
801031032,Kowen,38.0,1.0,0.5,33.7,3.0,2.0,,7.9,,,,,,,,,,,63.2,133.3,,85258.0,,,,,11.1,11.1,29.6,,11.1,,,,33.3,45.5,66.7,7.0,,27.3,,149.3136191435221,-35.31084067785541
801031113,Canberra East,825.0,1.014760147601476,26.6,52.3,19.0,115.0,,2.3,3.3,5.8,1.5,0.4,3.3,0.5,1.9,0.5,1.0,19.2,80.7,100.0,,49149.0,26.6,19.2,3.2,10.7,17.1,7.1,8.6,14.3,5.7,4.3,8.6,24.3,47.2,8.6,39.0,220.0,39.3,4.7,0.0009715025906735,149.16074307859185,-35.35988318153351
801031114,Canberra Airport,99.0,1.0879120879120878,17.9,36.1,16.0,6.0,,3.9,4.9,2.9,2.9,,2.9,2.9,,,,19.4,80.0,0.0,,74961.0,13.2,32.4,3.7,,18.8,25.0,11.7,25.0,16.7,5.0,,18.8,,,100.0,44.0,6.0,18.0,,149.19625411476343,-35.30402632511875
801031115,Majura,207.0,1.2105263157894737,2.3,37.3,17.0,22.0,,,1.8,8.2,1.8,2.9,2.9,,,1.8,1.7,15.8,66.7,0.0,,69472.0,21.3,40.4,4.0,25.4,42.1,31.6,21.1,50.0,50.0,50.0,3.4,15.8,26.9,25.0,40.4,53.0,7.0,16.9,,149.21036783002683,-35.272916751001006
801041034,Amaroo,5899.0,1.037278002461755,2280.1,34.9,718.0,224.0,1.96,1.5,2.0,4.3,2.8,0.8,3.0,2.5,4.5,1.6,1.6,22.8,77.2,96.7,733000.0,68625.0,18.2,37.8,8.5,31.9,14.2,33.1,8.5,9.6,15.8,5.9,3.7,5.9,20.6,52.4,24.6,1798.0,7.3,47.4,,149.12802706308275,-35.16957516485267
801041035,Bonner,7341.0,1.1796561144142697,2663.7,31.6,1195.0,107.0,1.99,1.1,1.9,2.9,1.8,1.9,5.2,3.5,16.0,1.5,3.6,38.1,84.9,88.2,660000.0,66750.0,16.2,34.0,13.4,39.400000000000006,10.9,34.2,10.5,11.6,13.6,7.8,2.6,6.4,6.7,62.3,28.7,1971.0,4.9,51.5,0.0111524163568773,149.14297689944914,-35.155964077013635
801041036,Casey,6819.0,1.261609620721554,2600.2,33.2,918.0,172.0,1.72,1.6,1.5,3.4,1.9,0.9,3.7,4.4,7.9,1.6,2.7,28.0,75.6,89.8,681500.0,72609.0,13.7,37.7,9.2,33.7,10.8,31.1,10.7,14.6,15.7,5.2,2.3,7.1,8.1,64.3,26.0,1927.0,4.8,45.9,0.01171875,149.094710692208,-35.16699985690988
801041037,Crace,5320.0,1.342756183745583,3220.7,33.6,674.0,159.0,1.73,1.0,1.4,3.5,1.9,1.1,3.8,11.2,11.7,1.5,2.1,38.0,66.4,100.0,780500.0,74155.0,15.4,40.4,17.8,48.3,13.6,40.1,7.9,9.3,14.4,5.2,1.8,4.7,9.7,55.4,30.8,1364.0,3.2,52.4,,149.1074233853928,-35.20282145220843
801041038,Forde,4642.0,1.1357964276975776,2421.4,34.8,678.0,137.0,1.64,1.0,1.4,5.0,2.1,1.3,3.8,5.9,7.4,1.6,2.4,30.7,75.3,88.6,800000.0,81098.0,14.6,47.0,13.9,43.2,17.2,37.9,8.5,10.0,14.6,6.2,1.6,3.1,12.8,62.6,23.0,1295.0,3.8,59.7,0.045,149.14607878626708,-35.16816855789825
801041039,Franklin,7480.0,1.237386269644334,3257.0,31.8,912.0,146.0,1.49,1.2,1.5,2.3,1.6,1.8,6.8,15.5,13.4,2.0,1.8,46.9,65.1,96.1,775000.0,61626.0,19.9,31.1,15.6,46.6,13.4,35.1,11.1,11.2,12.0,6.5,3.0,6.0,8.8,46.7,41.9,1537.0,6.3,43.1,0.04,149.14329880151925,-35.19944798442138
801041040,Gungahlin,6972.0,1.1288860103626943,1527.5,32.3,578.0,212.0,1.65,1.3,1.8,2.8,1.9,2.0,6.2,13.6,8.5,1.5,2.8,41.4,65.5,90.5,716500.0,54380.0,23.4,26.5,11.4,36.5,12.0,28.6,12.8,11.1,13.8,7.7,1.9,9.4,12.4,31.2,54.2,1630.0,9.3,33.6,0.0168421052631578,149.1361985065766,-35.18673080880664
801041043,Hall,291.0,0.976510067114094,101.8,40.8,25.0,32.0,,2.6,2.6,10.3,1.1,,,,0.9,1.1,,14.8,60.0,100.0,,64135.0,20.6,41.3,6.9,26.3,21.1,21.1,21.1,8.6,36.8,15.8,4.6,8.6,48.9,31.5,19.6,99.0,12.9,28.4,,149.06281872575843,-35.16917027484217
801041044,Harrison,8866.0,1.2191969196919692,3039.6,31.3,1078.0,170.0,1.2,0.8,1.8,3.1,1.6,1.4,5.1,12.2,11.6,1.8,1.7,40.3,67.0,90.2,759000.0,65766.0,18.4,34.9,15.7,44.8,11.8,35.3,9.6,13.9,12.1,6.5,2.5,6.1,9.0,46.0,43.0,1863.0,4.7,45.3,0.0218181818181818,149.15610039343727,-35.19907740469506
801041045,Mitchell,4.0,0.8,0.5,51.5,0.0,1.0,,,,,,,,,,,,,33.3,,,63640.0,11.4,38.6,,,,,,,,,,,,,100.0,0.0,,,,149.12934735262448,-35.21445744227717
801041046,Ngunnawal,11211.0,1.1017099056603774,2695.5,33.5,1331.0,504.0,1.98,1.8,1.9,3.8,2.0,1.1,4.0,3.2,5.9,1.6,1.7,25.1,75.6,95.2,572150.0,63641.0,17.0,30.6,7.6,29.6,12.0,26.4,11.7,14.6,14.7,7.3,2.9,8.3,18.6,50.8,28.6,3747.0,12.0,35.4,0.025,149.11147152041153,-35.1727901632362
801041047,Nicholls,6908.0,0.9945292254534984,1030.8,43.2,608.0,528.0,1.5,1.3,2.0,6.3,3.2,0.9,3.5,4.5,3.8,1.4,1.8,27.4,71.5,93.0,866250.0,68383.0,19.0,39.0,10.0,34.3,17.7,34.2,8.0,7.2,17.0,5.7,2.3,5.7,39.0,43.1,16.6,2156.0,6.5,48.4,0.0165912518853695,149.09648669662542,-35.18732042200296
801041048,Palmerston,5510.0,0.972467349099894,2828.4,36.5,614.0,282.0,1.77,1.4,1.2,4.1,2.7,0.9,6.3,5.8,5.6,1.8,1.6,29.8,72.0,90.4,733000.0,62621.0,19.5,31.8,9.8,33.400000000000006,12.3,27.7,11.1,11.7,14.3,7.2,2.2,10.4,27.5,39.4,30.3,1946.0,12.9,37.7,0.0159574468085106,149.11940926206688,-35.194456203607196
801041116,Gungahlin - East,,,,,0.0,0.0,,,,,,,,,,,,,,,,,,,,,,,,,,,,,,,,0.0,,,,149.17395412915553,-35.18197296038304
801041117,Gungahlin - West,,,,,0.0,0.0,,,,,,,,,,,,,,,,57669.0,13.6,25.4,,,,,,,,,,,,,,0.0,,,,149.10679225862617,-35.148361530704335
801041118,Jacka,760.0,1.853658536585366,260.5,29.6,126.0,6.0,,2.1,1.0,2.1,1.8,1.0,2.5,4.3,21.6,1.9,2.2,39.1,84.7,100.0,600000.0,65692.0,16.9,27.0,14.2,40.400000000000006,10.8,26.9,9.0,15.0,15.6,10.8,2.4,5.4,2.7,73.7,23.7,225.0,10.6,49.0,,149.13043510271368,-35.14951245808143
801041119,Kenny,9.0,0.8181818181818182,1.5,39.5,2.0,4.0,,17.1,,,,,,,,,,,0.0,100.0,,30815.0,,,,,,,,,,,,,40.0,,100.0,3.0,,,,149.16164541109288,-35.21691044866239
801041120,Moncrieff,4388.0,67.50769230769231,2288.8,30.2,660.0,74.0,2.62,,,2.9,,,,,19.0,,6.7,38.1,92.5,0.0,737500.0,66853.0,15.6,31.5,13.0,,12.0,32.0,10.2,36.0,12.0,6.1,12.0,,,78.9,21.1,20.0,,21.8,,149.11628910961593,-35.158819751909675
801041121,Taylor,936.0,,308.0,28.3,140.0,12.0,,,,,,,,,,,,,,,770000.0,64497.0,19.7,28.8,,,,,,,,,,,,,,0.0,,,,149.10791362879903,-35.14809472651112
801041122,Throsby,1328.0,,897.6,29.8,192.0,15.0,2.49,,,,,,,,,,,,,,745000.0,64018.0,19.5,37.4,,,,,,,,,,,,,,0.0,,,,149.16178883242264,-35.18897118222237
801051049,Acton,2196.0,1.0457142857142858,802.2,22.8,37.0,19.0,,0.6,2.4,4.8,0.6,1.6,10.3,18.5,7.2,3.2,2.0,50.7,50.9,100.0,,10433.0,77.8,4.0,10.7,30.7,2.0,35.9,2.4,24.3,9.6,12.7,1.2,12.7,,,100.0,3.0,,,0.0148698884758364,149.11505674212054,-35.28133915503926
801051050,Ainslie,5216.0,0.9925784966698382,1473.2,42.7,477.0,442.0,1.4,1.5,2.1,7.2,2.6,0.7,2.8,2.1,1.5,2.2,0.8,21.9,56.6,88.6,1060944.0,70135.0,20.2,40.4,15.4,47.4,15.4,44.9,6.4,8.6,10.7,4.3,1.1,5.1,28.8,28.6,36.1,1742.0,21.5,38.1,0.0140449438202247,149.1478514842155,-35.2622339797606
801051051,Braddon,6477.0,1.1638814016172507,4600.8,30.5,214.0,217.0,0.63,1.6,1.5,5.4,2.1,1.1,5.6,9.4,4.2,2.5,0.9,32.7,53.1,100.0,1350000.0,76078.0,16.4,40.5,15.0,50.3,13.5,39.4,7.5,12.1,10.0,5.3,0.5,9.6,9.8,19.4,67.6,501.0,13.2,24.1,0.108695652173913,149.13568263585958,-35.27080137641737
801051053,Civic,4885.0,1.209457786580837,3413.9,26.3,146.0,159.0,0.53,0.8,1.8,4.4,1.5,1.3,7.3,26.8,3.7,2.7,0.5,49.7,40.0,100.0,,55143.0,32.2,33.2,12.6,40.4,10.3,43.8,5.4,11.6,11.8,10.3,0.5,5.0,11.3,18.7,67.7,5.0,6.5,22.0,0.0416666666666666,149.12916957593515,-35.28126033605193
801051054,Dickson,2779.0,1.2378619153674832,1761.2,32.2,188.0,107.0,1.26,1.1,1.5,6.2,2.9,1.7,4.3,6.1,4.1,1.9,0.4,28.9,56.5,100.0,888000.0,63613.0,22.3,33.3,16.4,49.6,10.7,37.2,9.5,12.6,11.0,5.0,0.9,12.0,23.1,23.0,51.0,634.0,14.2,26.0,0.02,149.14174760290996,-35.25279255869174
801051055,Downer,4016.0,1.1023881416415042,2457.5,35.2,366.0,221.0,1.35,1.6,2.0,6.3,2.8,0.7,5.0,4.6,4.6,2.2,0.8,29.0,60.5,86.4,805000.0,61938.0,20.2,33.3,13.9,42.9,11.3,29.2,9.3,10.2,10.4,2.6,1.8,22.0,27.4,29.7,38.9,1205.0,19.3,32.2,0.0228571428571428,149.14354606525688,-35.243938839149436
801051056,Hackett,3206.0,1.0754780275075475,1644.3,40.5,367.0,209.0,1.78,1.8,2.3,6.2,2.7,0.7,2.4,1.6,2.0,1.9,1.1,21.1,58.9,91.1,900000.0,71236.0,19.4,41.5,17.8,52.6,15.3,41.9,8.8,9.1,10.0,6.3,1.0,6.9,39.0,32.0,26.1,1036.0,13.6,41.1,,149.1635299096252,-35.24946530691896
801051057,Lyneham,5640.0,1.0940834141610087,1029.6,35.6,381.0,324.0,1.01,0.9,1.9,6.7,3.9,1.1,4.8,4.8,5.5,2.2,0.8,31.7,65.2,100.0,881000.0,64959.0,18.1,33.5,15.7,48.9,13.3,38.1,7.8,10.7,9.9,4.2,1.5,12.2,21.1,20.6,53.7,1441.0,15.3,27.2,0.0054545454545454,149.1307482555911,-35.23978218677249
801051058,O'Connor,5970.0,1.0620885963351716,1211.3,35.3,475.0,417.0,1.21,1.0,1.9,7.2,2.0,0.8,3.0,2.8,3.0,2.6,0.8,24.3,51.8,94.3,1062500.0,69397.0,20.8,39.9,18.8,53.9,14.5,43.9,5.8,8.7,9.2,4.3,1.1,11.1,27.6,28.2,41.3,1673.0,14.0,36.3,0.0145530145530145,149.11248834912757,-35.25643235095472
801051060,Turner,4706.0,1.157118268994345,3060.4,32.4,206.0,212.0,0.73,0.7,2.1,5.2,2.4,1.6,6.2,8.5,5.4,2.4,1.1,34.5,56.4,106.1,1600000.0,73692.0,20.1,40.5,21.2,55.4,13.0,41.1,5.2,9.7,10.9,6.6,1.0,12.5,15.6,18.5,63.0,438.0,13.7,25.0,0.0236686390532544,149.12466771920566,-35.26881613017723
801051061,Watson,6260.0,1.063179347826087,1703.7,36.0,656.0,285.0,1.49,1.1,2.4,6.3,2.6,0.7,3.6,2.6,4.7,2.2,1.5,26.5,63.5,95.3,771990.0,69096.0,18.2,36.9,16.0,48.7,12.5,38.2,8.2,9.9,11.8,5.5,1.7,10.4,23.1,34.1,40.4,1718.0,12.9,38.2,0.0087209302325581,149.15944657462106,-35.23472833451855
801051123,Black Mountain,,,,,0.0,0.0,,,,,,,,,,,,,,,,,,,,,,,,,,,,,,,,0.0,,,,149.09616171942127,-35.27463567705864
801051124,Campbell,4056.0,1.2294634737799333,1283.8,39.6,272.0,328.0,1.18,0.5,2.0,6.7,2.3,0.8,2.7,3.4,1.7,2.2,0.7,22.7,56.0,82.4,1175000.0,78780.0,15.3,45.5,20.6,54.1,22.6,41.9,2.8,10.1,10.6,3.4,0.8,4.7,39.6,27.8,30.0,994.0,7.9,40.1,0.02,149.15281906855276,-35.28616469238544
801051125,Duntroon,1960.0,1.0919220055710306,812.7,23.3,96.0,15.0,,1.4,3.0,4.0,0.3,0.2,2.6,1.0,1.4,0.8,1.5,14.6,53.8,104.3,,54135.0,15.1,16.1,2.7,19.6,67.8,12.8,1.9,13.3,1.9,1.4,0.4,0.4,,,97.8,158.0,2.2,31.9,,149.1652124377735,-35.298073617816
801051126,Parkes - North,4.0,1.0,3.6,43.5,0.0,0.0,,,,,,,,,,,,,,,,,,,,,,,,,,,,,,,,0.0,,,,149.13982411544688,-35.29327918530664
801051127,Reid,1721.0,1.0064327485380118,1837.3,38.8,92.0,137.0,1.04,1.6,1.9,6.6,1.8,1.3,5.7,5.6,2.6,2.6,1.4,28.6,59.6,81.0,1490000.0,66673.0,19.4,36.9,15.5,46.6,11.1,38.5,7.5,11.9,9.5,3.2,2.0,11.9,23.2,15.3,58.1,363.0,24.0,20.0,0.037037037037037,149.14107950500568,-35.28243961699055
801051128,Russell,3.0,,6.1,50.5,0.0,0.0,,,,,,,,,,,,,,,,100007.0,,,,,,,,,,,,,,,,0.0,,,,149.15022221021604,-35.29796978100876
801061062,Deakin,2987.0,1.0289355838787462,836.4,46.2,252.0,317.0,1.79,1.1,1.9,7.7,2.5,1.0,2.8,3.1,3.0,2.5,1.1,25.8,62.6,93.5,1350000.0,80679.0,19.1,48.0,17.5,54.6,21.8,45.4,3.6,7.7,13.6,5.1,1.0,2.3,43.7,27.0,23.8,909.0,9.9,40.3,0.0082644628099173,149.1030904504375,-35.31925352700685
801061063,Forrest,1766.0,1.0536992840095465,1110.6,45.8,117.0,196.0,1.04,0.3,1.7,6.3,3.1,0.7,2.7,2.4,2.0,2.7,1.4,23.1,66.8,100.0,3080000.0,90598.0,14.1,53.5,19.7,55.2,27.8,42.6,2.2,4.9,13.0,6.3,0.3,1.3,35.2,27.7,35.0,375.0,3.4,41.1,0.032051282051282,149.12476387683523,-35.31718322124149
801061064,Griffith,5372.0,1.2025968211327511,1949.3,38.5,390.0,329.0,1.21,0.7,1.8,7.5,3.0,1.5,2.6,3.1,3.5,2.3,0.9,26.1,62.3,107.4,1510000.0,83402.0,14.4,48.3,17.4,52.5,19.1,43.0,6.1,8.2,12.5,4.9,1.6,3.0,25.7,27.3,44.8,991.0,11.2,34.6,0.0218181818181818,149.13714225970867,-35.32532132857734
801061066,Lake Burley Griffin,,,,,0.0,0.0,,,,,,,,,,,,,,,,,,,,,,,,,,,,,,,,0.0,,,,149.1141733207795,-35.294802540349046
801061067,Narrabundah,6293.0,1.063366002027712,1538.4,39.4,653.0,402.0,1.65,2.6,2.0,6.1,3.2,1.5,2.7,2.7,3.1,2.0,0.9,24.3,64.7,92.5,1050000.0,73822.0,18.1,42.5,13.8,41.3,15.9,43.3,6.5,8.0,12.6,4.5,1.2,5.2,24.0,31.1,41.8,1739.0,17.9,36.1,0.0253807106598984,149.14924397567782,-35.335685063992855
801061068,Parkes - South,5.0,1.25,2.8,82.9,0.0,3.0,,,,,,,,,,,,,,,,114930.0,,,,,,,,,,,,,,,,0.0,,,,149.1286567427871,-35.30334671567162
801061069,Red Hill,3109.0,0.9542664211172498,639.6,43.3,300.0,265.0,1.08,0.6,1.1,7.2,3.1,2.1,3.3,3.2,3.7,2.1,1.6,27.2,67.7,94.7,1600000.0,81124.0,16.6,48.1,15.3,50.0,20.4,44.4,5.6,6.7,12.1,4.3,2.0,2.0,36.5,28.7,30.6,875.0,10.0,42.7,0.0080971659919028,149.12060913494147,-35.33344759884264
801061070,Yarralumla,3099.0,1.0333444481493832,429.8,51.1,252.0,414.0,1.79,0.9,2.3,9.0,2.8,1.0,2.6,2.2,1.9,2.5,1.2,25.3,67.5,121.7,1471277.5,77694.0,17.5,45.7,19.2,53.1,20.7,41.4,4.1,5.4,15.0,4.1,0.8,3.8,47.1,24.3,25.5,1056.0,10.2,38.3,0.005420054200542,149.09864508055318,-35.304023509402874
801061129,Barton,1691.0,1.161401098901099,1420.9,36.9,60.0,121.0,1.04,0.6,1.7,8.6,2.1,0.9,3.6,4.7,1.3,3.6,1.3,27.4,56.2,100.0,,88975.0,12.1,52.4,23.6,64.2,23.5,44.0,4.7,4.7,13.7,2.5,1.1,1.1,19.8,26.6,52.9,75.0,2.4,30.9,0.032,149.13585270446865,-35.309254260230105
801061130,Fyshwick,59.0,1.0925925925925926,6.0,45.3,11.0,10.0,,8.9,,,,,,,,5.4,,8.9,-40.0,100.0,,57200.0,21.8,24.1,,,75.0,15.0,,,,15.0,,20.0,,,100.0,6.0,,,,149.17085629161073,-35.32166977627902
801061131,Kingston,6031.0,1.4120814797471315,4296.2,34.1,307.0,285.0,0.97,0.9,2.2,7.1,1.8,1.4,2.6,3.1,2.6,2.8,1.1,24.8,57.6,107.3,1492500.0,87443.0,10.4,51.9,20.2,60.0,20.6,46.5,4.6,7.7,11.7,3.9,1.3,2.4,15.3,24.9,58.4,254.0,4.7,33.3,0.099236641221374,149.1465970976505,-35.31522050037782
801071071,Banks,4846.0,0.9645700636942676,2150.6,34.7,513.0,189.0,1.78,3.4,1.1,4.5,1.9,0.8,3.4,0.8,2.3,1.0,0.6,16.5,77.3,94.2,606250.0,65733.0,14.9,31.8,2.9,18.3,15.3,22.9,11.2,9.9,17.8,6.8,5.8,6.4,18.8,59.5,20.0,1632.0,11.1,32.3,0.028169014084507,149.09965773164188,-35.47192259778213
801071072,Bonython,3726.0,0.9575944487278336,1282.8,39.2,369.0,216.0,2.06,2.3,1.5,4.6,2.1,1.3,5.3,2.2,5.2,1.1,1.2,24.5,81.0,89.4,730000.0,65022.0,16.8,32.9,5.6,26.2,9.4,34.3,9.5,9.0,20.0,4.4,2.6,8.3,26.4,39.4,31.8,1402.0,13.1,33.5,0.0104166666666666,149.07823039565358,-35.4332424423025
801071073,Calwell,5555.0,0.9482758620689656,1427.2,36.9,587.0,282.0,2.05,1.9,1.4,4.9,2.0,0.9,2.7,0.7,2.4,1.0,0.7,16.7,75.2,97.2,612500.0,66140.0,15.6,33.8,4.2,21.6,13.8,22.4,11.3,13.8,18.7,5.8,3.5,8.3,27.3,51.1,19.6,1926.0,10.2,36.2,0.0203045685279187,149.10707801820084,-35.440405806149506
801071074,Chisholm,5122.0,0.9836758210101786,1649.8,38.1,515.0,310.0,2.17,2.2,1.8,4.5,2.3,0.8,2.9,0.5,1.8,0.7,0.7,16.1,78.8,99.1,619500.0,63997.0,16.4,29.9,4.4,19.4,10.6,21.5,11.0,14.4,18.1,8.3,5.6,10.6,27.6,50.0,19.9,1785.0,14.6,29.8,,149.124762737002,-35.42201845661421
801071075,Conder,4929.0,0.9587628865979382,1089.6,37.4,532.0,239.0,1.86,2.5,1.9,4.8,2.1,1.2,3.7,1.0,1.6,0.9,0.6,17.7,77.5,96.8,671000.0,66362.0,16.5,33.4,3.5,19.7,15.2,24.2,11.6,12.2,15.3,5.9,2.4,10.2,24.0,54.2,19.9,1555.0,12.6,37.3,0.0066666666666666,149.10422127237118,-35.45924275672438
801071076,Fadden,2946.0,0.9842966922819912,948.4,45.2,275.0,275.0,2.21,0.8,1.5,7.7,2.8,1.3,1.8,2.0,1.8,1.4,1.6,22.1,69.0,100.0,820000.0,74537.0,16.1,43.1,10.3,40.3,19.7,34.6,9.2,8.5,17.7,4.5,0.7,3.7,43.8,46.8,7.8,1003.0,3.2,50.5,0.010204081632653,149.1176545251087,-35.40193164805793
801071077,Gilmore,2719.0,0.9717655468191564,1329.3,37.9,308.0,173.0,1.94,2.3,1.7,4.4,1.9,1.6,3.7,0.5,1.2,0.9,1.1,17.1,79.6,100.0,595000.0,66258.0,15.1,30.8,2.8,18.1,12.8,20.8,14.4,9.2,22.0,2.8,6.8,11.6,26.8,44.7,26.4,913.0,16.5,30.2,0.0159574468085106,149.13819050976025,-35.41521056480779
801071078,Gordon,7562.0,0.9833550065019506,1702.5,37.3,738.0,387.0,1.97,2.6,1.5,5.4,2.2,0.9,3.0,0.9,3.4,1.1,1.1,19.6,79.3,96.4,650000.0,66172.0,15.9,33.0,4.3,20.3,13.9,25.4,10.7,11.2,18.7,5.1,4.2,6.9,24.4,49.7,22.6,2662.0,14.2,31.7,0.0112612612612612,149.08498570101335,-35.45674620425447
801071079,Gowrie,3115.0,1.0100518806744487,1612.6,38.8,338.0,242.0,2.12,2.4,1.4,6.0,2.6,1.0,2.7,1.3,2.6,0.9,0.6,19.2,74.9,100.0,640000.0,65283.0,16.5,33.7,6.2,28.2,17.4,27.9,7.5,11.8,16.4,6.9,2.3,4.9,33.7,47.9,16.9,1045.0,10.9,38.6,0.0145631067961165,149.10904052212223,-35.411856254913694
801071080,Greenway,2892.0,1.5506702412868634,544.9,36.9,190.0,215.0,1.77,1.3,1.5,6.5,2.0,1.7,5.7,2.5,15.3,1.1,0.7,37.2,79.7,92.6,545000.0,65718.0,15.0,31.1,10.1,38.3,8.3,49.8,9.0,9.0,10.7,4.6,2.4,3.9,26.0,22.3,50.0,489.0,13.5,22.0,0.0077071290944123,149.0649388848725,-35.41583383425993
801071081,Isabella Plains,4380.0,0.9929721151666288,1755.5,37.3,469.0,286.0,1.94,2.5,1.6,5.0,2.2,0.7,4.3,1.2,3.8,1.1,0.7,20.3,81.4,95.5,620000.0,62676.0,17.5,28.3,3.5,20.0,10.3,22.8,12.8,13.2,18.7,7.0,6.6,7.2,23.9,45.7,22.5,1447.0,15.3,28.3,0.015625,149.09396058600078,-35.428002334275384
801071082,Kambah,14842.0,0.9807705015528976,1309.3,42.0,1544.0,1401.0,2.02,2.4,1.7,6.4,2.5,0.8,2.4,1.2,1.9,1.1,0.8,18.9,71.3,97.2,635000.0,62266.0,18.3,32.0,6.1,28.3,12.7,31.4,9.2,12.4,16.1,6.3,2.9,7.1,35.5,39.9,22.3,5308.0,15.6,31.7,0.0043706293706293,149.05805045878415,-35.38622610723009
801071083,Macarthur,1385.0,0.9473324213406292,1064.2,40.7,130.0,117.0,1.61,1.4,0.6,7.3,1.5,0.4,1.8,0.9,1.3,1.0,1.4,15.8,78.8,100.0,670000.0,67698.0,15.9,37.1,6.1,32.2,18.6,29.5,7.0,4.7,20.2,4.7,2.3,5.4,40.2,48.3,9.4,470.0,4.0,49.3,,149.13173987480909,-35.40522479268288
801071084,Monash,5242.0,0.9581429354779748,1536.4,43.1,531.0,468.0,2.08,2.1,1.6,6.7,3.0,0.9,3.7,1.1,4.2,0.9,1.2,23.3,80.8,94.7,655000.0,63278.0,18.4,31.7,5.2,24.700000000000003,14.5,34.1,8.8,11.1,16.8,5.4,2.6,4.8,36.6,37.2,18.7,1991.0,11.8,31.5,0.0095846645367412,149.09063275076517,-35.41575405650269
801071085,Mount Taylor,3.0,1.0,0.3,47.5,0.0,1.0,,,,,,,,,,,,,,,,,,,,,,,,,,,,,,,,0.0,,,,149.09259135158695,-35.381225617936735
801071086,Oxley,1636.0,0.9434832756632064,1505.8,42.2,178.0,114.0,1.91,2.8,2.2,5.3,2.4,1.2,3.8,1.1,2.8,1.1,1.0,20.1,75.0,100.0,655000.0,61990.0,16.6,31.1,5.8,26.9,14.9,29.4,11.9,10.8,16.5,5.7,4.1,8.8,33.1,39.7,26.0,592.0,14.8,35.5,,149.07861003296793,-35.40950462278252
801071087,Richardson,3006.0,0.9766081871345028,1343.7,34.6,352.0,181.0,2.2,3.8,2.4,5.5,3.0,1.5,2.8,1.3,1.2,0.8,0.8,19.4,77.0,98.3,616000.0,60262.0,16.6,26.8,3.0,15.1,10.8,20.7,11.7,13.0,16.4,7.1,5.6,12.3,23.8,48.4,26.1,1067.0,21.0,24.1,0.0136986301369863,149.11377750255465,-35.427861851642945
801071088,Theodore,3733.0,0.9645994832041344,1190.6,35.8,380.0,165.0,1.77,3.4,2.0,4.7,1.9,0.6,2.5,0.8,2.1,1.2,0.6,16.1,75.2,97.7,612000.0,65538.0,14.4,32.1,4.0,19.3,15.3,23.9,8.4,14.4,15.8,5.5,5.0,7.2,23.5,55.6,19.5,1293.0,12.6,34.3,0.0095846645367412,149.1197135084164,-35.449611660339094
801071089,Tuggeranong,22.0,0.9166666666666666,0.3,48.0,2.0,6.0,,10.3,,19.0,,,,,,,,19.0,66.7,100.0,,67450.0,,,,,14.3,38.1,14.3,19.0,14.3,,19.0,,,50.0,50.0,5.0,,,,149.1124814803256,-35.506276300655436
801071090,Wanniassa,7358.0,0.96435124508519,1363.2,40.4,756.0,652.0,2.19,2.7,1.9,6.6,2.8,0.9,3.0,1.6,2.8,1.2,0.8,21.4,74.0,94.6,625000.0,63035.0,19.2,32.9,6.8,29.2,13.5,28.9,8.0,14.7,15.1,6.7,3.5,6.3,35.6,40.4,21.5,2730.0,15.3,32.5,0.0054545454545454,149.09086499058486,-35.39781285754517
801071132,Tuggeranong - West,15.0,1.0,1.6,30.5,2.0,1.0,,,,,,,,,,,,,75.0,,,16762.0,,,,,,,,,,,,,,,,0.0,,,,149.03462243167223,-35.396706699549355
801081091,Chapman,2775.0,1.007991282237559,1495.3,47.4,231.0,300.0,1.63,0.8,1.1,7.9,3.7,0.6,2.1,1.3,1.4,1.5,1.8,21.3,69.5,81.8,950000.0,74951.0,16.6,43.9,12.7,46.1,16.1,40.2,6.3,8.0,18.5,3.5,1.0,3.8,48.2,39.0,11.6,897.0,6.8,48.7,,149.0374289791377,-35.35619501865335
801081092,Duffy,3162.0,0.9804651162790696,1130.7,40.5,320.0,245.0,1.99,1.2,1.3,7.0,2.5,0.5,1.5,1.0,1.0,1.3,1.1,17.2,63.6,100.0,780000.0,68549.0,18.1,39.1,10.8,38.5,17.2,35.0,8.9,8.9,17.8,3.6,1.0,3.0,36.7,39.7,21.0,1087.0,12.3,38.7,0.01171875,149.03190092483246,-35.33456216480681
801081093,Fisher,2925.0,0.9561948349133704,1848.7,40.9,353.0,249.0,2.26,1.2,1.6,6.7,2.2,0.3,2.6,1.8,1.3,0.9,1.2,18.6,67.3,100.0,697500.0,66136.0,17.4,35.5,8.7,34.7,12.1,42.2,7.8,11.0,12.8,4.6,1.1,4.3,40.3,37.3,20.0,1071.0,14.9,34.1,0.0266666666666666,149.05704702969888,-35.36125003684948
801081094,Holder,2647.0,0.9880552444942142,1414.1,40.9,310.0,217.0,2.37,1.7,2.7,6.7,2.5,1.6,2.6,1.5,2.0,1.2,0.7,21.5,70.5,102.3,675000.0,67752.0,15.8,37.3,10.5,40.4,16.2,38.3,6.9,7.3,14.5,6.3,2.3,8.3,39.1,38.3,20.7,935.0,11.6,36.2,0.0194174757281553,149.04611709474446,-35.33446477191302
801081095,Rivett,3290.0,1.0349166404529726,2042.7,39.4,407.0,264.0,2.21,2.2,1.3,7.8,2.2,0.6,2.4,1.7,1.7,1.3,1.4,20.2,67.2,95.5,627500.0,64951.0,17.4,36.4,7.6,32.9,11.0,33.0,6.5,10.7,13.9,9.7,1.6,10.7,31.6,39.4,27.1,1193.0,20.0,32.0,0.0184049079754601,149.0379098746588,-35.347079611934866
801081096,Stirling,2147.0,0.9953639313861844,1623.3,44.6,185.0,249.0,1.76,1.5,1.7,8.3,5.3,1.0,2.1,2.5,2.0,1.1,0.8,24.6,77.9,106.7,806000.0,64361.0,20.6,33.2,9.1,32.8,12.9,31.6,12.4,10.0,16.3,5.7,3.8,5.7,41.7,29.8,23.2,723.0,13.8,31.2,0.0217391304347826,149.0493021629546,-35.34967803573348
801081097,Waramanga,2711.0,1.010812826249068,1585.6,40.6,321.0,260.0,1.94,1.5,1.3,6.3,3.5,1.1,2.2,1.5,2.3,1.4,1.3,21.3,74.3,86.0,700000.0,68077.0,17.1,36.4,9.2,35.7,14.8,35.9,11.5,8.9,15.9,3.0,1.1,8.9,30.0,36.9,29.7,993.0,18.5,34.6,0.0429447852760736,149.0621496914435,-35.35295878854587
801081098,Weston,3693.0,1.024694783573807,960.2,42.5,396.0,333.0,2.45,1.3,1.9,6.8,2.6,1.2,2.9,1.5,2.7,1.2,1.1,22.0,70.7,81.4,748800.0,68966.0,17.9,39.0,11.0,38.7,17.7,38.7,10.5,7.4,10.8,4.4,1.8,6.7,35.9,37.0,24.9,1265.0,11.3,39.2,0.0106666666666666,149.05881761344605,-35.33254927401514
801081133,Scrivener,3.0,0.4285714285714285,1.9,68.5,0.0,3.0,,,,,,,,,,,,,,,,61423.0,,,,,,,,,,,,,,,100.0,3.0,,,,149.0716726088859,-35.312138124984806
801091099,Chifley,2506.0,0.987391646966115,1577.2,38.6,224.0,209.0,1.75,1.7,1.5,6.2,2.8,0.3,3.9,2.6,7.2,1.5,1.2,27.3,75.6,80.5,825000.0,64530.0,19.1,34.2,10.8,41.2,11.2,30.5,9.9,17.8,13.1,3.4,4.2,8.9,30.6,29.7,35.7,917.0,14.8,31.6,0.0256410256410256,149.07684071560283,-35.35338501367666
801091100,Curtin,5331.0,1.000187617260788,1108.8,41.6,571.0,431.0,1.82,1.0,1.2,7.6,2.5,0.7,2.8,1.8,3.5,2.0,0.8,22.9,68.3,95.7,925000.0,72271.0,17.1,42.4,15.3,49.0,16.9,41.8,5.7,9.9,11.9,4.4,1.6,5.9,41.2,30.6,25.5,1685.0,11.0,40.9,0.0126315789473684,149.07763895243406,-35.32462388515902
801091101,Farrer,3360.0,1.008100810081008,1624.2,41.1,373.0,272.0,1.96,1.0,1.8,7.3,2.8,0.9,3.2,1.7,4.0,1.4,1.2,24.0,75.2,100.0,835000.0,68004.0,19.0,39.1,11.8,41.0,15.6,40.4,4.7,10.6,14.9,5.9,3.3,1.9,40.7,35.3,19.6,1084.0,9.9,40.0,0.0165745856353591,149.1050014505672,-35.37671490084181
801091102,Garran,3663.0,1.0465714285714285,1358.4,43.0,457.0,338.0,1.59,0.8,2.3,8.3,2.9,1.3,4.2,4.0,7.6,1.4,1.0,33.0,76.4,89.7,1057500.0,77759.0,16.7,45.4,15.3,47.5,16.1,54.5,3.0,7.6,8.7,3.1,1.2,2.1,34.7,29.3,32.1,960.0,9.7,43.0,0.0185873605947955,149.10846471133667,-35.341376705430335
801091103,Hughes,3004.0,0.9855643044619422,1678.8,40.5,331.0,228.0,1.65,1.2,2.5,8.4,2.0,0.7,2.5,2.0,2.9,2.4,1.3,24.6,64.5,82.4,950000.0,73574.0,19.0,44.1,16.3,48.6,14.2,46.2,3.3,12.5,12.8,1.9,0.8,5.8,37.5,32.4,25.2,898.0,12.0,39.8,0.0355029585798816,149.09491536727091,-35.33267372082523
801091104,Isaacs,2341.0,0.9762301918265222,758.1,49.0,197.0,286.0,1.94,0.6,1.6,7.3,4.8,2.9,4.7,3.8,8.0,1.6,2.1,36.6,78.5,100.0,1045000.0,70614.0,17.9,39.5,13.3,42.5,16.5,39.4,4.1,9.5,16.0,5.0,2.4,3.7,49.7,27.8,20.0,876.0,10.4,37.3,,149.11555984251135,-35.36861140615183
801091105,Lyons,3141.0,1.022793878215565,1388.7,39.6,245.0,274.0,1.43,1.6,2.4,6.4,2.7,1.1,4.6,3.9,7.8,1.3,2.2,32.1,72.7,91.5,890000.0,59655.0,19.8,31.2,11.3,37.0,8.6,26.6,13.0,16.3,13.6,3.8,2.1,14.9,28.9,20.4,46.0,828.0,20.2,22.1,0.0173160173160173,149.07396794057087,-35.3405920026388
801091106,Mawson,3384.0,1.0370824394728777,1601.7,39.9,330.0,299.0,1.53,1.7,1.7,6.3,3.1,1.5,4.5,3.6,9.9,1.6,2.2,34.3,76.2,98.1,792500.0,62131.0,17.8,33.6,11.1,41.4,11.7,32.1,12.5,13.3,11.1,7.1,3.0,7.6,31.0,27.4,39.4,1038.0,16.5,30.6,0.0273972602739726,149.0986313540562,-35.36338812883861
801091107,O'Malley,1074.0,1.064420218037661,412.0,47.7,74.0,131.0,,,2.2,5.1,8.1,3.5,4.8,5.0,6.1,4.2,2.5,41.6,80.1,,1637500.0,72904.0,18.2,43.1,15.0,46.7,27.8,41.3,3.5,2.2,12.6,3.9,4.4,2.2,52.8,33.2,11.1,305.0,2.3,50.6,,149.1128067193992,-35.35252116016076
801091108,Pearce,2702.0,1.0336648814078042,1586.4,44.6,237.0,262.0,2.0,1.6,2.0,6.6,3.5,0.6,2.4,1.4,4.2,1.2,1.3,23.9,74.1,100.0,955000.0,71870.0,16.6,41.6,11.2,41.3,14.2,39.0,5.8,11.9,12.6,5.2,3.2,4.5,37.4,32.7,27.9,944.0,14.5,36.0,0.0177514792899408,149.08338512826114,-35.36220879931701
801091109,Phillip,4274.0,1.5451916124367318,1659.9,33.9,338.0,166.0,1.44,1.3,1.6,4.7,2.3,1.9,8.0,6.1,18.9,1.4,2.4,47.2,80.5,91.7,,73101.0,13.3,37.8,12.4,51.6,6.4,47.6,6.4,12.2,9.0,4.3,1.8,11.0,15.1,23.0,59.2,728.0,11.2,25.1,0.0152091254752851,149.09090470926134,-35.34702120247187
801091110,Torrens,2162.0,0.9643175735950044,1661.4,42.4,221.0,189.0,2.29,1.2,1.6,6.2,3.2,1.0,2.8,2.7,4.4,1.2,0.7,24.0,72.8,88.5,740000.0,68967.0,17.8,40.0,10.0,39.8,18.7,35.6,7.6,12.1,12.1,6.9,2.1,4.5,36.8,35.8,25.2,776.0,13.3,39.8,0.0289855072463768,149.08773937788098,-35.372014169943235
801101134,Arboretum,8.0,1.1428571428571428,1.3,52.5,0.0,3.0,,,,,,,,,,,,,,,,67509.0,,,,,,,,,,,,,,,,0.0,,,,149.06756429778957,-35.29585441389434
801101135,Coombs,3806.0,3.61787072243346,1642.0,31.5,514.0,64.0,2.35,1.4,1.0,4.4,1.7,2.5,6.2,4.1,12.8,1.1,1.4,35.2,79.5,86.4,820000.0,74179.0,14.0,40.2,14.4,47.6,12.4,45.2,7.4,10.2,12.1,5.5,1.7,4.3,10.6,73.8,13.0,568.0,3.3,55.8,0.0210084033613445,149.04244291617826,-35.31674838121605
801101136,Denman Prospect,963.0,,203.0,30.0,129.0,12.0,,,,,,,,,,,,,,,965000.0,90337.0,13.0,54.7,,,,,,,,,,,,,,0.0,,,,149.02482065986257,-35.296408215894644
801101137,Molonglo,,,,,0.0,0.0,,,,,,,,,,,,,,,,,,,,,,,,,,,,,,,,0.0,,,,149.04020495699294,-35.29981564013978
801101139,Wright,3786.0,1.8504398826979471,2977.4,32.6,372.0,65.0,1.05,0.5,1.8,4.1,1.3,2.3,4.4,4.3,8.9,1.4,0.8,29.3,75.2,100.0,872500.0,79150.0,11.0,44.0,13.0,49.6,13.5,45.2,7.6,7.1,14.4,6.1,1.2,2.9,6.9,69.8,21.1,548.0,2.0,50.2,0.048,149.03360131559973,-35.31926720098609
801111140,ACT - South West,590.0,1.0611510791366907,1.4,34.1,87.0,28.0,,0.7,1.2,4.4,0.5,,0.9,0.6,0.5,2.1,1.6,11.7,60.6,100.0,,64227.0,12.6,35.0,8.5,25.1,19.1,27.7,6.4,10.6,19.1,5.4,2.5,8.5,17.0,61.4,19.0,147.0,10.2,41.7,,148.960693334558,-35.39099846080788
801111141,Namadgi,39.0,1.0,,37.5,5.0,7.0,,,,9.1,,,,,,,,9.1,90.5,,,40479.0,,,9.1,,20.0,35.0,30.0,,25.0,15.0,15.0,20.0,,20.0,70.0,15.0,18.2,13.6,,148.9359513019201,-35.63126356873313
