code,area,population,population density,median age,children under 15,people over 64,fertility rate,Indigenous,religious,born overseas,born in Oceania,born in north-west Europe,born in southern & eastern Europe,born in north Africa & Middle East,born in south-east Asia,born in north-east Asia,born in southern & central Asia,born in Americas,born in sub-Saharan Africa,median house price,median income,low income (bottom quartile),high income (top quartile),postgraduates,university graduates,jobs: managers,jobs: professionals,jobs: technicians & trades,jobs: community work,jobs: clerical,jobs: sales,jobs: machinery & drivers,jobs: labourers,home owners (outright),home owners (mortgage),renters,detached houses,artificial surfaces,lng,lat
801011001,Aranda,2501.0,1600.0,42.8,0.212,0.18800000000000006,0.0195,0.006999999999999999,0.5700000000000001,0.24100000000000002,0.015,0.071,0.025,0.005,0.025,0.052000000000000005,0.02,0.015,0.011000000000000001,897500.0,70246.0,0.187,0.41,0.198,0.561,0.162,0.41600000000000004,0.065,0.075,0.114,0.062,0.01,0.084,0.444,0.344,0.185,0.8823529411764706,,149.08040991196629,-35.25815804005734
801011002,Belconnen,7634.0,1724.8,31.0,0.091,0.086,0.0101,0.012,0.571,0.462,0.018000000000000002,0.039,0.02,0.024,0.07200000000000001,0.163,0.09,0.021,0.013000000000000001,,56580.0,0.231,0.257,0.145,0.456,0.095,0.35200000000000004,0.08,0.152,0.11800000000000001,0.081,0.02,0.084,0.094,0.198,0.68,0.008714596949891068,0.013513513513513514,149.0676249375105,-35.23565157565873
801011003,Bruce,7679.0,1324.5,28.0,0.11100000000000002,0.09300000000000001,0.0101,0.008,0.558,0.384,0.017,0.035,0.018000000000000002,0.018000000000000002,0.055,0.15,0.059000000000000004,0.021,0.013000000000000001,990000.0,58418.0,0.233,0.303,0.132,0.45099999999999996,0.115,0.374,0.079,0.138,0.12,0.073,0.017,0.068,0.18,0.217,0.569,0.18708881578947367,0.0052173913043478265,149.09083498157926,-35.24404015148164
801011004,Charnwood,2860.0,1541.0,35.7,0.222,0.133,0.0236,0.031,0.761,0.19399999999999998,0.019,0.049,0.018000000000000002,0.01,0.049,0.01,0.012,0.019,0.009000000000000001,502500.0,58169.0,0.193,0.253,0.039,0.183,0.086,0.193,0.138,0.138,0.16899999999999998,0.09,0.01,0.166,0.21600000000000003,0.441,0.315,0.8847884788478848,0.024539877300613498,149.03412954087813,-35.20017651912404
801011005,Cook,2810.0,1775.0,43.5,0.184,0.201,0.019,0.013000000000000001,0.581,0.251,0.015,0.08199999999999999,0.026000000000000002,0.008,0.033,0.03,0.024,0.024,0.008,787500.0,68674.0,0.171,0.391,0.187,0.527,0.098,0.478,0.055999999999999994,0.084,0.098,0.067,0.008,0.065,0.382,0.35100000000000003,0.245,0.5856164383561644,0.019230769230769232,149.06639691602703,-35.26007429684461
801011006,Dunlop,7131.0,1985.9,35.4,0.243,0.091,0.0192,0.022000000000000002,0.775,0.20199999999999999,0.018000000000000002,0.040999999999999995,0.019,0.009000000000000001,0.038,0.016,0.036000000000000004,0.013999999999999999,0.011000000000000001,610000.0,67903.0,0.158,0.33899999999999997,0.057999999999999996,0.244,0.114,0.276,0.10400000000000001,0.129,0.171,0.068,0.032,0.085,0.182,0.614,0.188,0.90153452685422,0.016260162601626018,149.01981575285862,-35.19399292109814
801011007,Evatt,5207.0,1701.5,38.1,0.21200000000000002,0.14800000000000002,0.0182,0.017,0.6970000000000001,0.188,0.013000000000000001,0.048,0.025,0.008,0.025,0.02,0.02,0.016,0.01,627500.0,62317.0,0.184,0.307,0.07400000000000001,0.29600000000000004,0.156,0.298,0.102,0.124,0.138,0.051,0.027000000000000003,0.087,0.33899999999999997,0.43,0.21100000000000002,0.9630233822729745,0.010676156583629894,149.0689187532509,-35.21189260411921
801011008,Florey,4655.0,1689.4,39.2,0.18100000000000002,0.171,0.0171,0.015,0.738,0.301,0.018000000000000002,0.044000000000000004,0.035,0.01,0.066,0.045,0.053,0.015,0.012,745000.0,59613.0,0.209,0.289,0.085,0.32299999999999995,0.11599999999999999,0.28,0.10099999999999999,0.149,0.134,0.07200000000000001,0.036000000000000004,0.09699999999999999,0.325,0.289,0.359,0.7595291479820628,0.03125,149.050001680978,-35.225869561272525
801011009,Flynn,3369.0,1607.7,40.0,0.209,0.16799999999999998,0.0223,0.016,0.688,0.17,0.018000000000000002,0.059000000000000004,0.023,0.006999999999999999,0.02,0.013000000000000001,0.008,0.011000000000000001,0.01,625000.0,65275.0,0.188,0.33299999999999996,0.07,0.295,0.136,0.262,0.126,0.096,0.23199999999999998,0.076,0.026000000000000002,0.04,0.358,0.45399999999999996,0.16399999999999998,0.9805996472663139,0.0136986301369863,149.04389703976636,-35.205912388793365
801011010,Fraser,1960.0,791.9,43.7,0.195,0.213,0.021,0.017,0.5589999999999999,0.155,0.013999999999999999,0.084,0.011000000000000001,0.004,0.008,0.006999999999999999,0.004,0.011000000000000001,0.011000000000000001,725000.0,62694.0,0.182,0.33,0.069,0.314,0.16,0.28800000000000003,0.147,0.086,0.16,0.049,0.055,0.08,0.37799999999999995,0.484,0.11800000000000001,0.9485294117647058,0.012295081967213115,149.0453445741244,-35.1916886652092
801011011,Giralang,3330.0,1361.0,38.5,0.22399999999999998,0.16799999999999998,0.0199,0.02,0.7070000000000001,0.223,0.021,0.051,0.036000000000000004,0.008,0.024,0.037000000000000005,0.018000000000000002,0.015,0.011000000000000001,701250.0,62091.0,0.177,0.316,0.087,0.336,0.147,0.287,0.102,0.12300000000000001,0.16899999999999998,0.04,0.008,0.086,0.365,0.402,0.21,0.9342105263157895,0.012295081967213115,149.09599444367524,-35.21088896312471
801011013,Hawker,2982.0,1524.3,41.7,0.174,0.218,0.015600000000000001,0.009000000000000001,0.714,0.251,0.019,0.065,0.024,0.006,0.03,0.025,0.054000000000000006,0.013000000000000001,0.016,910000.0,62072.0,0.193,0.34299999999999997,0.124,0.449,0.146,0.305,0.08900000000000001,0.107,0.12,0.05,0.028999999999999998,0.086,0.402,0.322,0.252,0.6714801444043321,0.015957446808510637,149.0365686139206,-35.247034665970304
801011014,Higgins,3109.0,1856.9,38.7,0.18700000000000003,0.17800000000000002,0.017,0.013999999999999999,0.7150000000000001,0.223,0.015,0.071,0.022000000000000002,0.006,0.036000000000000004,0.027999999999999997,0.021,0.016,0.006999999999999999,598000.0,60568.0,0.18,0.292,0.073,0.279,0.11199999999999999,0.254,0.145,0.15,0.13,0.05,0.040999999999999995,0.09699999999999999,0.298,0.461,0.21899999999999997,0.9443430656934306,0.018404907975460124,149.0272081160619,-35.232402647194526
801011015,Holt,4863.0,1475.6,37.7,0.205,0.17799999999999996,0.0219,0.032,0.743,0.209,0.018000000000000002,0.065,0.018000000000000002,0.01,0.024,0.016,0.03,0.018000000000000002,0.01,590000.0,59700.0,0.187,0.27699999999999997,0.062,0.254,0.115,0.253,0.115,0.172,0.157,0.051,0.062,0.068,0.3,0.37200000000000005,0.29,0.5838996340825928,0.009230769230769232,149.0118838911391,-35.22440090123718
801011016,Kaleen,7459.0,1237.6,38.5,0.18899999999999997,0.188,0.0183,0.011000000000000001,0.6930000000000001,0.278,0.018000000000000002,0.05,0.046,0.009000000000000001,0.04,0.051,0.039,0.016,0.01,745000.0,58111.0,0.20800000000000002,0.307,0.095,0.348,0.11699999999999999,0.314,0.09699999999999999,0.13699999999999998,0.128,0.062,0.019,0.11,0.40399999999999997,0.342,0.22699999999999998,0.9376498800959233,0.004754358161648178,149.10918116936992,-35.22779875081625
801011017,Latham,3684.0,1348.9,37.5,0.22699999999999998,0.145,0.0195,0.019,0.6930000000000001,0.187,0.017,0.051,0.019,0.006,0.028999999999999998,0.022000000000000002,0.015,0.016,0.012,606500.0,60166.0,0.182,0.285,0.061,0.265,0.13,0.26899999999999996,0.08800000000000001,0.156,0.14400000000000002,0.071,0.025,0.091,0.313,0.457,0.20600000000000002,0.8980694980694981,0.023809523809523808,149.03144829991132,-35.21650756483687
801011018,Lawson,2012.0,652.3,30.1,0.18,0.041999999999999996,0.0146,,0.595,0.534,0.02,0.027000000000000003,,,0.034,0.196,0.182,0.02,0.02,909500.0,65253.0,0.19899999999999998,0.303,0.212,0.452,0.10300000000000001,0.48700000000000004,0.154,0.231,0.067,,,,0.079,0.605,0.316,1.0,,149.08821888707195,-35.22502817360575
801011019,Macgregor,7343.0,1717.7,33.6,0.257,0.09700000000000002,0.0182,0.021,0.748,0.248,0.019,0.046,0.019,0.01,0.038,0.024,0.063,0.013999999999999999,0.015,550000.0,66406.0,0.153,0.311,0.079,0.3,0.095,0.299,0.09300000000000001,0.132,0.153,0.084,0.031,0.094,0.18100000000000002,0.588,0.213,0.8160200250312891,0.007058823529411765,149.01101600811774,-35.20978915357394
801011020,Macquarie,2824.0,1660.8,39.4,0.17799999999999996,0.17800000000000002,0.0131,0.023,0.6539999999999999,0.297,0.021,0.064,0.026000000000000002,0.01,0.040999999999999995,0.053,0.05,0.02,0.012,738500.0,58363.0,0.21600000000000003,0.315,0.122,0.42100000000000004,0.113,0.364,0.096,0.135,0.106,0.066,0.032,0.059000000000000004,0.304,0.252,0.424,0.7065420560747664,0.04142011834319527,149.0632506235711,-35.251172936170754
801011021,McKellar,2843.0,2010.6,42.0,0.16899999999999998,0.19,0.0181,0.02,0.717,0.276,0.021,0.044000000000000004,0.062,0.008,0.048,0.040999999999999995,0.025,0.018000000000000002,0.01,765000.0,61829.0,0.203,0.331,0.084,0.342,0.16,0.315,0.094,0.075,0.165,0.048,0.019,0.121,0.39899999999999997,0.37200000000000005,0.213,0.9468546637744034,0.020833333333333332,149.07704071090384,-35.21751162905314
801011022,Melba,3246.0,1406.8,39.1,0.226,0.18100000000000002,0.0227,0.017,0.6950000000000001,0.204,0.022000000000000002,0.06,0.027000000000000003,0.009000000000000001,0.023,0.02,0.02,0.016,0.008,635750.0,61313.0,0.19699999999999998,0.314,0.078,0.33,0.136,0.301,0.10300000000000001,0.10300000000000001,0.156,0.036000000000000004,0.01,0.099,0.345,0.41100000000000003,0.221,0.8099910793933988,0.012987012987012988,149.05405593381545,-35.21014385225659
801011023,Page,3120.0,2359.2,37.6,0.174,0.21299999999999997,0.0155,0.013999999999999999,0.764,0.297,0.015,0.07,0.036000000000000004,0.013000000000000001,0.046,0.037000000000000005,0.052000000000000005,0.012,0.017,623000.0,54782.0,0.235,0.26,0.084,0.32,0.055999999999999994,0.331,0.10800000000000001,0.16699999999999998,0.10800000000000001,0.07200000000000001,0.031,0.10800000000000001,0.307,0.251,0.36,0.6498696785403997,0.02654867256637168,149.04988084888498,-35.23862363765876
801011024,Scullin,3020.0,2117.8,35.8,0.21700000000000003,0.13699999999999998,0.0199,0.017,0.7150000000000001,0.251,0.015,0.057,0.018000000000000002,0.013000000000000001,0.027999999999999997,0.037000000000000005,0.05,0.017,0.019,598000.0,57988.0,0.196,0.285,0.095,0.33799999999999997,0.09300000000000001,0.281,0.129,0.163,0.121,0.055999999999999994,0.031,0.098,0.28,0.349,0.34299999999999997,0.7835144927536232,,149.03900655522165,-35.23460969706593
801011025,Spence,2635.0,1730.8,38.2,0.212,0.16699999999999998,0.0184,0.024,0.729,0.168,0.019,0.059000000000000004,0.025,0.008,0.024,0.009000000000000001,0.009000000000000001,0.015,0.006999999999999999,687500.0,63501.0,0.18,0.302,0.067,0.28200000000000003,0.102,0.33299999999999996,0.071,0.129,0.129,0.044000000000000004,0.036000000000000004,0.084,0.33799999999999997,0.42200000000000004,0.222,0.9347581552305961,0.02,149.0643837609741,-35.19871733221611
801011026,Weetangera,2650.0,1673.8,43.7,0.188,0.20900000000000002,0.0199,0.003,0.637,0.22399999999999998,0.019,0.061,0.032,0.008,0.013000000000000001,0.033,0.026000000000000002,0.019,0.012,934500.0,68923.0,0.18600000000000003,0.395,0.152,0.49400000000000005,0.152,0.4,0.059000000000000004,0.09300000000000001,0.128,0.034,0.040999999999999995,0.086,0.486,0.345,0.147,0.9240654205607477,0.017142857142857144,149.0497329631878,-35.25013878982848
801031031,Hume,434.0,50.6,36.4,0.0,0.04300000000000001,,0.226,0.99,0.16699999999999998,0.027999999999999997,0.009000000000000001,0.023,0.033,0.027999999999999997,0.012,0.027999999999999997,0.006999999999999999,0.006999999999999999,,49896.0,0.34600000000000003,0.192,,0.009000000000000001,,,,,,,,,,,,,,149.16582131292677,-35.38547168089283
801031113,Canberra East,825.0,26.6,52.3,0.08,0.25999999999999995,,0.023,0.8069999999999999,0.192,0.033,0.057999999999999996,0.015,0.004,0.033,0.005,0.019,0.005,0.01,,49149.0,0.266,0.192,0.032,0.107,0.171,0.071,0.086,0.14300000000000002,0.057,0.043,0.086,0.243,0.47200000000000003,0.086,0.39,0.4987593052109181,0.0009715025906735751,149.16074307859185,-35.35988318153351
801031115,Majura,207.0,2.3,37.3,0.154,0.125,,,0.667,0.158,0.018000000000000002,0.08199999999999999,0.018000000000000002,0.028999999999999998,0.028999999999999998,,,0.018000000000000002,0.017,,69472.0,0.213,0.40399999999999997,0.04,0.254,0.42100000000000004,0.316,0.21100000000000002,0.5,0.5,0.5,0.034,0.158,0.26899999999999996,0.25,0.40399999999999997,1.0,,149.21036783002685,-35.272916751001006
801041034,Amaroo,5899.0,2280.1,34.9,0.239,0.079,0.0196,0.015,0.772,0.228,0.02,0.043,0.027999999999999997,0.008,0.03,0.025,0.045,0.016,0.016,733000.0,68625.0,0.182,0.37799999999999995,0.085,0.319,0.142,0.331,0.085,0.096,0.158,0.059000000000000004,0.037000000000000005,0.059000000000000004,0.20600000000000002,0.524,0.24600000000000002,0.8539700166574126,,149.12802706308275,-35.16957516485267
801041035,Bonner,7341.0,2663.7,31.6,0.311,0.036000000000000004,0.0199,0.011000000000000001,0.849,0.381,0.019,0.028999999999999998,0.018000000000000002,0.019,0.052000000000000005,0.035,0.16,0.015,0.036000000000000004,660000.0,66750.0,0.162,0.34,0.134,0.3940000000000001,0.109,0.342,0.105,0.11599999999999999,0.136,0.078,0.026000000000000002,0.064,0.067,0.623,0.287,0.7679112008072654,0.011152416356877323,149.14297689944914,-35.155964077013635
801041036,Casey,6819.0,2600.2,33.2,0.25299999999999995,0.049,0.0172,0.016,0.756,0.28,0.015,0.034,0.019,0.009000000000000001,0.037000000000000005,0.044000000000000004,0.079,0.016,0.027000000000000003,681500.0,72609.0,0.13699999999999998,0.377,0.092,0.337,0.10800000000000001,0.311,0.107,0.146,0.157,0.052000000000000005,0.023,0.071,0.081,0.643,0.26,0.6192405063291139,0.01171875,149.094710692208,-35.16699985690988
801041037,Crace,5320.0,3220.7,33.6,0.24600000000000002,0.06899999999999999,0.0173,0.01,0.6639999999999999,0.38,0.013999999999999999,0.035,0.019,0.011000000000000001,0.038,0.11199999999999999,0.11699999999999999,0.015,0.021,780500.0,74155.0,0.154,0.40399999999999997,0.17800000000000002,0.483,0.136,0.401,0.079,0.09300000000000001,0.14400000000000002,0.052000000000000005,0.018000000000000002,0.047,0.09699999999999999,0.5539999999999999,0.308,0.645224171539961,,149.1074233853928,-35.20282145220843
801041038,Forde,4642.0,2421.4,34.8,0.285,0.05599999999999999,0.016399999999999998,0.01,0.753,0.307,0.013999999999999999,0.05,0.021,0.013000000000000001,0.038,0.059000000000000004,0.07400000000000001,0.016,0.024,800000.0,81098.0,0.146,0.47,0.139,0.43200000000000005,0.172,0.379,0.085,0.1,0.146,0.062,0.016,0.031,0.128,0.626,0.23,0.8077507598784195,0.045,149.14607878626708,-35.16816855789825
801041039,Franklin,7480.0,3257.0,31.8,0.226,0.043,0.0149,0.012,0.651,0.469,0.015,0.023,0.016,0.018000000000000002,0.068,0.155,0.134,0.02,0.018000000000000002,775000.0,61626.0,0.19899999999999998,0.311,0.156,0.46599999999999997,0.134,0.35100000000000003,0.111,0.11199999999999999,0.12,0.065,0.03,0.06,0.08800000000000001,0.467,0.419,0.5054249547920434,0.04,149.14329880151925,-35.19944798442138
801041040,Gungahlin,6972.0,1527.5,32.3,0.175,0.07,0.0165,0.013000000000000001,0.655,0.414,0.018000000000000002,0.027999999999999997,0.019,0.02,0.062,0.136,0.085,0.015,0.027999999999999997,716500.0,54380.0,0.23399999999999999,0.265,0.114,0.365,0.12,0.28600000000000003,0.128,0.111,0.138,0.077,0.019,0.094,0.124,0.312,0.542,0.39556198745779064,0.016842105263157894,149.1361985065766,-35.18673080880664
801041043,Hall,291.0,101.8,40.8,0.172,0.176,,0.026000000000000002,0.6,0.14800000000000002,0.026000000000000002,0.10300000000000001,0.011000000000000001,,,,0.009000000000000001,0.011000000000000001,,,64135.0,0.20600000000000002,0.413,0.069,0.263,0.21100000000000002,0.21100000000000002,0.21100000000000002,0.086,0.368,0.158,0.046,0.086,0.489,0.315,0.196,0.8787878787878788,,149.06281872575843,-35.16917027484217
801041044,Harrison,8866.0,3039.6,31.3,0.233,0.04,0.012,0.008,0.6699999999999999,0.40299999999999997,0.018000000000000002,0.031,0.016,0.013999999999999999,0.051,0.122,0.11599999999999999,0.018000000000000002,0.017,759000.0,65766.0,0.184,0.349,0.157,0.44799999999999995,0.11800000000000001,0.353,0.096,0.139,0.121,0.065,0.025,0.061,0.09,0.46,0.43,0.5159637366968861,0.02181818181818182,149.15610039343727,-35.19907740469506
801041046,Ngunnawal,11211.0,2695.5,33.5,0.23,0.1,0.019799999999999998,0.018000000000000002,0.756,0.251,0.019,0.038,0.02,0.011000000000000001,0.04,0.032,0.059000000000000004,0.016,0.017,572150.0,63641.0,0.17,0.306,0.076,0.29600000000000004,0.12,0.264,0.11699999999999999,0.146,0.147,0.073,0.028999999999999998,0.083,0.18600000000000003,0.508,0.28600000000000003,0.6659563132658498,0.025,149.11147152041153,-35.1727901632362
801041047,Nicholls,6908.0,1030.8,43.2,0.17600000000000002,0.15500000000000003,0.015,0.013000000000000001,0.7150000000000001,0.27399999999999997,0.02,0.063,0.032,0.009000000000000001,0.035,0.045,0.038,0.013999999999999999,0.018000000000000002,866250.0,68383.0,0.19,0.39,0.1,0.34299999999999997,0.177,0.342,0.08,0.07200000000000001,0.17,0.057,0.023,0.057,0.39,0.431,0.166,0.8630897317298798,0.016591251885369532,149.09648669662542,-35.18732042200296
801041048,Palmerston,5510.0,2828.4,36.5,0.207,0.12,0.0177,0.013999999999999999,0.72,0.298,0.012,0.040999999999999995,0.027000000000000003,0.009000000000000001,0.063,0.057999999999999996,0.055999999999999994,0.018000000000000002,0.016,733000.0,62621.0,0.195,0.318,0.098,0.3340000000000001,0.12300000000000001,0.27699999999999997,0.111,0.11699999999999999,0.14300000000000002,0.07200000000000001,0.022000000000000002,0.10400000000000001,0.275,0.39399999999999996,0.303,0.5787583376090303,0.015957446808510637,149.11940926206688,-35.1944562036072
801041118,Jacka,760.0,260.5,29.6,0.31200000000000006,0.028999999999999998,,0.021,0.847,0.391,0.01,0.021,0.018000000000000002,0.01,0.025,0.043,0.21600000000000003,0.019,0.022000000000000002,600000.0,65692.0,0.16899999999999998,0.27,0.142,0.4040000000000001,0.10800000000000001,0.26899999999999996,0.09,0.15,0.156,0.10800000000000001,0.024,0.054000000000000006,0.027000000000000003,0.737,0.237,0.4177777777777778,,149.13043510271368,-35.14951245808143
801041120,Moncrieff,4388.0,2288.8,30.2,0.27399999999999997,0.032,0.0262,,0.925,0.381,,0.028999999999999998,,,,,0.19,,0.067,737500.0,66853.0,0.156,0.315,0.13,0.304,0.12,0.32,0.102,0.36,0.12,0.061,0.12,,,0.789,0.21100000000000002,1.0,,149.11628910961593,-35.158819751909675
801041121,Taylor,936.0,308.0,28.3,0.308,0.026999999999999996,,,,,,,,,,,,,,770000.0,64497.0,0.19699999999999998,0.28800000000000003,,0.0,,,,,,,,,,,,,,149.10791362879905,-35.14809472651112
801041122,Throsby,1328.0,897.6,29.8,0.289,0.022000000000000002,0.024900000000000002,,,,,,,,,,,,,745000.0,64018.0,0.195,0.374,,0.0,,,,,,,,,,,,,,149.16178883242264,-35.18897118222237
801051049,Acton,2196.0,802.2,22.8,0.03,0.013000000000000001,,0.006,0.509,0.507,0.024,0.048,0.006,0.016,0.10300000000000001,0.185,0.07200000000000001,0.032,0.02,,10433.0,0.778,0.04,0.107,0.307,0.02,0.359,0.024,0.243,0.096,0.127,0.012,0.127,,,1.0,0.2727272727272727,0.01486988847583643,149.11505674212054,-35.28133915503926
801051050,Ainslie,5216.0,1473.2,42.7,0.172,0.192,0.013999999999999999,0.015,0.5660000000000001,0.21899999999999997,0.021,0.07200000000000001,0.026000000000000002,0.006999999999999999,0.027999999999999997,0.021,0.015,0.022000000000000002,0.008,1060944.0,70135.0,0.20199999999999999,0.40399999999999997,0.154,0.474,0.154,0.449,0.064,0.086,0.107,0.043,0.011000000000000001,0.051,0.28800000000000003,0.28600000000000003,0.361,0.7073417721518988,0.014044943820224719,149.1478514842155,-35.2622339797606
801051051,Braddon,6477.0,4600.8,30.5,0.063,0.072,0.0063,0.016,0.531,0.327,0.015,0.054000000000000006,0.021,0.011000000000000001,0.055999999999999994,0.094,0.042,0.025,0.009000000000000001,1350000.0,76078.0,0.16399999999999998,0.405,0.15,0.503,0.135,0.39399999999999996,0.075,0.121,0.1,0.053,0.005,0.096,0.098,0.19399999999999998,0.6759999999999999,0.07533964594483326,0.10869565217391304,149.13568263585958,-35.27080137641737
801051053,Civic,4885.0,3413.9,26.3,0.06,0.05800000000000001,0.0053,0.008,0.4,0.49700000000000005,0.018000000000000002,0.044000000000000004,0.015,0.013000000000000001,0.073,0.268,0.037000000000000005,0.027000000000000003,0.005,,55143.0,0.322,0.332,0.126,0.40399999999999997,0.10300000000000001,0.43799999999999994,0.054000000000000006,0.11599999999999999,0.11800000000000001,0.10300000000000001,0.005,0.05,0.113,0.187,0.677,,0.041666666666666664,149.12916957593515,-35.28126033605193
801051054,Dickson,2779.0,1761.2,32.2,0.126,0.08700000000000001,0.0126,0.011000000000000001,0.565,0.289,0.015,0.062,0.028999999999999998,0.017,0.043,0.061,0.040999999999999995,0.019,0.004,888000.0,63613.0,0.223,0.33299999999999996,0.16399999999999998,0.49599999999999994,0.107,0.37200000000000005,0.095,0.126,0.11,0.05,0.009000000000000001,0.12,0.231,0.23,0.51,0.48642533936651583,0.02,149.14174760290996,-35.25279255869174
801051055,Downer,4016.0,2457.5,35.2,0.185,0.128,0.013500000000000002,0.016,0.605,0.29,0.02,0.063,0.027999999999999997,0.006999999999999999,0.05,0.046,0.046,0.022000000000000002,0.008,805000.0,61938.0,0.20199999999999999,0.33299999999999996,0.139,0.429,0.113,0.292,0.09300000000000001,0.102,0.10400000000000001,0.026000000000000002,0.018000000000000002,0.22,0.27399999999999997,0.297,0.389,0.7548148148148148,0.022857142857142857,149.14354606525688,-35.24393883914944
801051056,Hackett,3206.0,1644.3,40.5,0.21899999999999997,0.154,0.0178,0.018000000000000002,0.589,0.21100000000000002,0.023,0.062,0.027000000000000003,0.006999999999999999,0.024,0.016,0.02,0.019,0.011000000000000001,900000.0,71236.0,0.19399999999999998,0.415,0.17800000000000002,0.5259999999999999,0.153,0.419,0.08800000000000001,0.091,0.1,0.063,0.01,0.069,0.39,0.32,0.261,0.7532808398950132,,149.1635299096252,-35.24946530691896
801051057,Lyneham,5640.0,1029.6,35.6,0.133,0.141,0.0101,0.009000000000000001,0.652,0.317,0.019,0.067,0.039,0.011000000000000001,0.048,0.048,0.055,0.022000000000000002,0.008,881000.0,64959.0,0.18100000000000002,0.335,0.157,0.489,0.133,0.381,0.078,0.107,0.099,0.042,0.015,0.122,0.21100000000000002,0.20600000000000002,0.537,0.2880886426592798,0.005454545454545455,149.1307482555911,-35.23978218677249
801051058,O'Connor,5970.0,1211.3,35.3,0.158,0.139,0.0121,0.01,0.518,0.243,0.019,0.07200000000000001,0.02,0.008,0.03,0.027999999999999997,0.03,0.026000000000000002,0.008,1062500.0,69397.0,0.20800000000000002,0.39899999999999997,0.188,0.539,0.145,0.439,0.057999999999999996,0.087,0.092,0.043,0.011000000000000001,0.111,0.276,0.282,0.413,0.6575670498084292,0.014553014553014554,149.11248834912757,-35.25643235095472
801051060,Turner,4706.0,3060.4,32.4,0.078,0.099,0.0073,0.006999999999999999,0.5640000000000001,0.345,0.021,0.052000000000000005,0.024,0.016,0.062,0.085,0.054000000000000006,0.024,0.011000000000000001,1600000.0,73692.0,0.201,0.405,0.212,0.5539999999999999,0.13,0.41100000000000003,0.052000000000000005,0.09699999999999999,0.109,0.066,0.01,0.125,0.156,0.185,0.63,0.13711453744493393,0.023668639053254437,149.12466771920566,-35.26881613017723
801051061,Watson,6260.0,1703.7,36.0,0.204,0.106,0.0149,0.011000000000000001,0.635,0.265,0.024,0.063,0.026000000000000002,0.006999999999999999,0.036000000000000004,0.026000000000000002,0.047,0.022000000000000002,0.015,771990.0,69096.0,0.182,0.369,0.16,0.48700000000000004,0.125,0.382,0.08199999999999999,0.099,0.11800000000000001,0.055,0.017,0.10400000000000001,0.231,0.341,0.40399999999999997,0.5825708061002178,0.00872093023255814,149.15944657462106,-35.23472833451855
801051124,Campbell,4056.0,1283.8,39.6,0.14,0.168,0.0118,0.005,0.56,0.22699999999999998,0.02,0.067,0.023,0.008,0.027000000000000003,0.034,0.017,0.022000000000000002,0.006999999999999999,1175000.0,78780.0,0.153,0.455,0.20600000000000002,0.541,0.226,0.419,0.027999999999999997,0.10099999999999999,0.106,0.034,0.008,0.047,0.396,0.278,0.3,0.6893366918555835,0.02,149.15281906855276,-35.28616469238544
801051125,Duntroon,1960.0,812.7,23.3,0.088,0.015,,0.013999999999999999,0.538,0.146,0.03,0.04,0.003,0.002,0.026000000000000002,0.01,0.013999999999999999,0.008,0.015,,54135.0,0.151,0.161,0.027000000000000003,0.196,0.6779999999999999,0.128,0.019,0.133,0.019,0.013999999999999999,0.004,0.004,,,0.978,1.0,,149.1652124377735,-35.298073617816
801051127,Reid,1721.0,1837.3,38.8,0.086,0.17499999999999996,0.0104,0.016,0.5960000000000001,0.28600000000000003,0.019,0.066,0.018000000000000002,0.013000000000000001,0.057,0.055999999999999994,0.026000000000000002,0.026000000000000002,0.013999999999999999,1490000.0,66673.0,0.19399999999999998,0.369,0.155,0.466,0.111,0.385,0.075,0.11900000000000001,0.095,0.032,0.02,0.11900000000000001,0.23199999999999998,0.153,0.581,0.2970430107526882,0.037037037037037035,149.14107950500568,-35.28243961699055
801061062,Deakin,2987.0,836.4,46.2,0.17800000000000002,0.249,0.0179,0.011000000000000001,0.626,0.258,0.019,0.077,0.025,0.01,0.027999999999999997,0.031,0.03,0.025,0.011000000000000001,1350000.0,80679.0,0.191,0.48,0.175,0.546,0.218,0.45399999999999996,0.036000000000000004,0.077,0.136,0.051,0.01,0.023,0.43700000000000006,0.27,0.23800000000000002,0.6627164995442115,0.008264462809917356,149.1030904504375,-35.31925352700685
801061063,Forrest,1766.0,1110.6,45.8,0.12300000000000001,0.23799999999999996,0.0104,0.003,0.6679999999999999,0.231,0.017,0.063,0.031,0.006999999999999999,0.027000000000000003,0.024,0.02,0.027000000000000003,0.013999999999999999,3080000.0,90598.0,0.141,0.535,0.19699999999999998,0.552,0.278,0.426,0.022000000000000002,0.049,0.13,0.063,0.003,0.013000000000000001,0.35200000000000004,0.27699999999999997,0.35,0.4272,0.03205128205128205,149.12476387683523,-35.31718322124149
801061064,Griffith,5372.0,1949.3,38.5,0.148,0.138,0.0121,0.006999999999999999,0.623,0.261,0.018000000000000002,0.075,0.03,0.015,0.026000000000000002,0.031,0.035,0.023,0.009000000000000001,1510000.0,83402.0,0.14400000000000002,0.483,0.174,0.525,0.191,0.43,0.061,0.08199999999999999,0.125,0.049,0.016,0.03,0.257,0.273,0.44799999999999995,0.4013677012098895,0.02181818181818182,149.13714225970867,-35.32532132857734
801061067,Narrabundah,6293.0,1538.4,39.4,0.19799999999999998,0.146,0.0165,0.026000000000000002,0.647,0.243,0.02,0.061,0.032,0.015,0.027000000000000003,0.027000000000000003,0.031,0.02,0.009000000000000001,1050000.0,73822.0,0.18100000000000002,0.425,0.138,0.41300000000000003,0.159,0.433,0.065,0.08,0.126,0.045,0.012,0.052000000000000005,0.24,0.311,0.418,0.7012692656391659,0.025380710659898477,149.14924397567782,-35.335685063992855
801061069,Red Hill,3109.0,639.6,43.3,0.175,0.17900000000000002,0.0108,0.006,0.677,0.272,0.011000000000000001,0.07200000000000001,0.031,0.021,0.033,0.032,0.037000000000000005,0.021,0.016,1600000.0,81124.0,0.166,0.48100000000000004,0.153,0.5,0.204,0.444,0.055999999999999994,0.067,0.121,0.043,0.02,0.02,0.365,0.287,0.306,0.7314009661835749,0.008097165991902834,149.12060913494147,-35.33344759884264
801061070,Yarralumla,3099.0,429.8,51.1,0.16399999999999998,0.28300000000000003,0.0179,0.009000000000000001,0.675,0.253,0.023,0.09,0.027999999999999997,0.01,0.026000000000000002,0.022000000000000002,0.019,0.025,0.012,1471277.5,77694.0,0.175,0.457,0.192,0.5309999999999999,0.207,0.414,0.040999999999999995,0.054000000000000006,0.15,0.040999999999999995,0.008,0.038,0.47100000000000003,0.243,0.255,0.6424778761061947,0.005420054200542005,149.09864508055318,-35.304023509402874
801061129,Barton,1691.0,1420.9,36.9,0.087,0.13399999999999998,0.0104,0.006,0.562,0.27399999999999997,0.017,0.086,0.021,0.009000000000000001,0.036000000000000004,0.047,0.013000000000000001,0.036000000000000004,0.013000000000000001,,88975.0,0.121,0.524,0.23600000000000002,0.642,0.235,0.44,0.047,0.047,0.13699999999999998,0.025,0.011000000000000001,0.011000000000000001,0.198,0.266,0.529,0.07748538011695906,0.032,149.13585270446865,-35.309254260230105
801061131,Kingston,6031.0,4296.2,34.1,0.09300000000000001,0.10399999999999998,0.0097,0.009000000000000001,0.5760000000000001,0.248,0.022000000000000002,0.071,0.018000000000000002,0.013999999999999999,0.026000000000000002,0.031,0.026000000000000002,0.027999999999999997,0.011000000000000001,1492500.0,87443.0,0.10400000000000001,0.519,0.20199999999999999,0.6,0.20600000000000002,0.465,0.046,0.077,0.11699999999999999,0.039,0.013000000000000001,0.024,0.153,0.249,0.584,0.03465804066543438,0.09923664122137404,149.1465970976505,-35.31522050037782
801071071,Banks,4846.0,2150.6,34.7,0.214,0.084,0.0178,0.034,0.773,0.165,0.011000000000000001,0.045,0.019,0.008,0.034,0.008,0.023,0.01,0.006,606250.0,65733.0,0.149,0.318,0.028999999999999998,0.18299999999999997,0.153,0.22899999999999998,0.11199999999999999,0.099,0.17800000000000002,0.068,0.057999999999999996,0.064,0.188,0.595,0.2,0.7954949614700652,0.028169014084507043,149.09965773164188,-35.47192259778213
801071072,Bonython,3726.0,1282.8,39.2,0.19,0.135,0.0206,0.023,0.81,0.245,0.015,0.046,0.021,0.013000000000000001,0.053,0.022000000000000002,0.052000000000000005,0.011000000000000001,0.012,730000.0,65022.0,0.168,0.32899999999999996,0.055999999999999994,0.262,0.094,0.34299999999999997,0.095,0.09,0.2,0.044000000000000004,0.026000000000000002,0.083,0.264,0.39399999999999996,0.318,0.7076271186440678,0.010416666666666666,149.07823039565358,-35.4332424423025
801071073,Calwell,5555.0,1427.2,36.9,0.21299999999999997,0.10700000000000001,0.020499999999999997,0.019,0.752,0.16699999999999998,0.013999999999999999,0.049,0.02,0.009000000000000001,0.027000000000000003,0.006999999999999999,0.024,0.01,0.006999999999999999,612500.0,66140.0,0.156,0.33799999999999997,0.042,0.21600000000000003,0.138,0.22399999999999998,0.113,0.138,0.187,0.057999999999999996,0.035,0.083,0.273,0.511,0.196,0.8833592534992224,0.02030456852791878,149.10707801820084,-35.440405806149506
801071074,Chisholm,5122.0,1649.8,38.1,0.2,0.125,0.0217,0.022000000000000002,0.788,0.161,0.018000000000000002,0.045,0.023,0.008,0.028999999999999998,0.005,0.018000000000000002,0.006999999999999999,0.006999999999999999,619500.0,63997.0,0.16399999999999998,0.299,0.044000000000000004,0.19399999999999998,0.106,0.215,0.11,0.14400000000000002,0.18100000000000002,0.083,0.055999999999999994,0.106,0.276,0.5,0.19899999999999998,0.9614740368509213,,149.124762737002,-35.42201845661421
801071075,Conder,4929.0,1089.6,37.4,0.21100000000000002,0.10399999999999998,0.018600000000000002,0.025,0.775,0.177,0.019,0.048,0.021,0.012,0.037000000000000005,0.01,0.016,0.009000000000000001,0.006,671000.0,66362.0,0.165,0.33399999999999996,0.035,0.19699999999999998,0.152,0.242,0.11599999999999999,0.122,0.153,0.059000000000000004,0.024,0.102,0.24,0.542,0.19899999999999998,0.7985739750445633,0.006666666666666667,149.10422127237118,-35.45924275672438
801071076,Fadden,2946.0,948.4,45.2,0.204,0.185,0.022099999999999998,0.008,0.69,0.221,0.015,0.077,0.027999999999999997,0.013000000000000001,0.018000000000000002,0.02,0.018000000000000002,0.013999999999999999,0.016,820000.0,74537.0,0.161,0.431,0.10300000000000001,0.40299999999999997,0.19699999999999998,0.34600000000000003,0.092,0.085,0.177,0.045,0.006999999999999999,0.037000000000000005,0.43799999999999994,0.46799999999999997,0.078,0.9840478564307079,0.01020408163265306,149.1176545251087,-35.40193164805793
801071077,Gilmore,2719.0,1329.3,37.9,0.19899999999999998,0.126,0.0194,0.023,0.796,0.171,0.017,0.044000000000000004,0.019,0.016,0.037000000000000005,0.005,0.012,0.009000000000000001,0.011000000000000001,595000.0,66258.0,0.151,0.308,0.027999999999999997,0.18100000000000002,0.128,0.20800000000000002,0.14400000000000002,0.092,0.22,0.027999999999999997,0.068,0.11599999999999999,0.268,0.447,0.264,0.9331872946330778,0.015957446808510637,149.13819050976025,-35.41521056480779
801071078,Gordon,7562.0,1702.5,37.3,0.19899999999999998,0.11299999999999999,0.0197,0.026000000000000002,0.793,0.196,0.015,0.054000000000000006,0.022000000000000002,0.009000000000000001,0.03,0.009000000000000001,0.034,0.011000000000000001,0.011000000000000001,650000.0,66172.0,0.159,0.33,0.043,0.20299999999999996,0.139,0.254,0.107,0.11199999999999999,0.187,0.051,0.042,0.069,0.244,0.49700000000000005,0.226,0.7018518518518518,0.01126126126126126,149.08498570101335,-35.45674620425447
801071079,Gowrie,3115.0,1612.6,38.8,0.204,0.15899999999999997,0.0212,0.024,0.749,0.192,0.013999999999999999,0.06,0.026000000000000002,0.01,0.027000000000000003,0.013000000000000001,0.026000000000000002,0.009000000000000001,0.006,640000.0,65283.0,0.165,0.337,0.062,0.282,0.174,0.27899999999999997,0.075,0.11800000000000001,0.16399999999999998,0.069,0.023,0.049,0.337,0.479,0.16899999999999998,0.9875598086124402,0.014563106796116505,149.10904052212223,-35.411856254913694
801071080,Greenway,2892.0,544.9,36.9,0.129,0.171,0.0177,0.013000000000000001,0.7969999999999999,0.37200000000000005,0.015,0.065,0.02,0.017,0.057,0.025,0.153,0.011000000000000001,0.006999999999999999,545000.0,65718.0,0.15,0.311,0.10099999999999999,0.38299999999999995,0.083,0.498,0.09,0.09,0.107,0.046,0.024,0.039,0.26,0.223,0.5,0.05184331797235023,0.007707129094412331,149.0649388848725,-35.41583383425993
801071081,Isabella Plains,4380.0,1755.5,37.3,0.209,0.145,0.0194,0.025,0.814,0.203,0.016,0.05,0.022000000000000002,0.006999999999999999,0.043,0.012,0.038,0.011000000000000001,0.006999999999999999,620000.0,62676.0,0.175,0.28300000000000003,0.035,0.2,0.10300000000000001,0.228,0.128,0.132,0.187,0.07,0.066,0.07200000000000001,0.239,0.457,0.225,0.7560182173064411,0.015625,149.09396058600078,-35.428002334275384
801071082,Kambah,14842.0,1309.3,42.0,0.2,0.198,0.0202,0.024,0.7130000000000001,0.18899999999999997,0.017,0.064,0.025,0.008,0.024,0.012,0.019,0.011000000000000001,0.008,635000.0,62266.0,0.183,0.32,0.061,0.28300000000000003,0.127,0.314,0.092,0.124,0.161,0.063,0.028999999999999998,0.071,0.355,0.39899999999999997,0.223,0.861259929798633,0.004370629370629371,149.05805045878415,-35.38622610723009
801071083,Macarthur,1385.0,1064.2,40.7,0.19200000000000003,0.15,0.0161,0.013999999999999999,0.788,0.158,0.006,0.073,0.015,0.004,0.018000000000000002,0.009000000000000001,0.013000000000000001,0.01,0.013999999999999999,670000.0,67698.0,0.159,0.371,0.061,0.322,0.18600000000000003,0.295,0.07,0.047,0.20199999999999999,0.047,0.023,0.054000000000000006,0.402,0.483,0.094,0.9638297872340426,,149.13173987480909,-35.40522479268288
801071084,Monash,5242.0,1536.4,43.1,0.193,0.209,0.0208,0.021,0.808,0.233,0.016,0.067,0.03,0.009000000000000001,0.037000000000000005,0.011000000000000001,0.042,0.009000000000000001,0.012,655000.0,63278.0,0.184,0.317,0.052000000000000005,0.24700000000000003,0.145,0.341,0.08800000000000001,0.111,0.168,0.054000000000000006,0.026000000000000002,0.048,0.366,0.37200000000000005,0.187,0.7990959316926167,0.009584664536741214,149.09063275076517,-35.41575405650269
801071086,Oxley,1636.0,1505.8,42.2,0.19399999999999998,0.15599999999999997,0.0191,0.027999999999999997,0.75,0.201,0.022000000000000002,0.053,0.024,0.012,0.038,0.011000000000000001,0.027999999999999997,0.011000000000000001,0.01,655000.0,61990.0,0.166,0.311,0.057999999999999996,0.269,0.149,0.294,0.11900000000000001,0.10800000000000001,0.165,0.057,0.040999999999999995,0.08800000000000001,0.331,0.397,0.26,0.9206081081081081,,149.07861003296793,-35.40950462278252
801071087,Richardson,3006.0,1343.7,34.6,0.221,0.124,0.022000000000000002,0.038,0.77,0.19399999999999998,0.024,0.055,0.03,0.015,0.027999999999999997,0.013000000000000001,0.012,0.008,0.008,616000.0,60262.0,0.166,0.268,0.03,0.151,0.10800000000000001,0.207,0.11699999999999999,0.13,0.16399999999999998,0.071,0.055999999999999994,0.12300000000000001,0.23800000000000002,0.484,0.261,0.9540768509840675,0.0136986301369863,149.11377750255463,-35.427861851642945
801071088,Theodore,3733.0,1190.6,35.8,0.204,0.08800000000000001,0.0177,0.034,0.752,0.161,0.02,0.047,0.019,0.006,0.025,0.008,0.021,0.012,0.006,612000.0,65538.0,0.14400000000000002,0.321,0.04,0.193,0.153,0.239,0.084,0.14400000000000002,0.158,0.055,0.05,0.07200000000000001,0.235,0.556,0.195,0.9481825212683681,0.009584664536741214,149.1197135084164,-35.449611660339094
801071090,Wanniassa,7358.0,1363.2,40.4,0.19899999999999998,0.182,0.0219,0.027000000000000003,0.74,0.214,0.019,0.066,0.027999999999999997,0.009000000000000001,0.03,0.016,0.027999999999999997,0.012,0.008,625000.0,63035.0,0.192,0.32899999999999996,0.068,0.292,0.135,0.289,0.08,0.147,0.151,0.067,0.035,0.063,0.35600000000000004,0.40399999999999997,0.215,0.90301489284417,0.005454545454545455,149.09086499058486,-35.39781285754517
801081091,Chapman,2775.0,1495.3,47.4,0.168,0.242,0.0163,0.008,0.6950000000000001,0.213,0.011000000000000001,0.079,0.037000000000000005,0.006,0.021,0.013000000000000001,0.013999999999999999,0.015,0.018000000000000002,950000.0,74951.0,0.166,0.439,0.127,0.461,0.161,0.402,0.063,0.08,0.185,0.035,0.01,0.038,0.48200000000000004,0.39,0.11599999999999999,0.9030501089324618,,149.0374289791377,-35.35619501865335
801081092,Duffy,3162.0,1130.7,40.5,0.19899999999999998,0.172,0.0199,0.012,0.636,0.172,0.013000000000000001,0.07,0.025,0.005,0.015,0.01,0.01,0.013000000000000001,0.011000000000000001,780000.0,68549.0,0.18100000000000002,0.391,0.10800000000000001,0.385,0.172,0.35,0.08900000000000001,0.08900000000000001,0.17800000000000002,0.036000000000000004,0.01,0.03,0.36700000000000005,0.397,0.21,0.8867256637168142,0.01171875,149.03190092483246,-35.33456216480681
801081093,Fisher,2925.0,1848.7,40.9,0.225,0.19999999999999996,0.0226,0.012,0.673,0.18600000000000003,0.016,0.067,0.022000000000000002,0.003,0.026000000000000002,0.018000000000000002,0.013000000000000001,0.009000000000000001,0.012,697500.0,66136.0,0.174,0.355,0.087,0.34700000000000003,0.121,0.42200000000000004,0.078,0.11,0.128,0.046,0.011000000000000001,0.043,0.40299999999999997,0.373,0.2,0.8246402877697842,0.02666666666666667,149.05704702969888,-35.36125003684948
801081094,Holder,2647.0,1414.1,40.9,0.223,0.18600000000000003,0.023700000000000002,0.017,0.7050000000000001,0.215,0.027000000000000003,0.067,0.025,0.016,0.026000000000000002,0.015,0.02,0.012,0.006999999999999999,675000.0,67752.0,0.158,0.373,0.105,0.40399999999999997,0.162,0.38299999999999995,0.069,0.073,0.145,0.063,0.023,0.083,0.391,0.38299999999999995,0.207,0.7399411187438666,0.019417475728155338,149.04611709474446,-35.33446477191302
801081095,Rivett,3290.0,2042.7,39.4,0.234,0.195,0.022099999999999998,0.022000000000000002,0.672,0.20199999999999999,0.013000000000000001,0.078,0.022000000000000002,0.006,0.024,0.017,0.017,0.013000000000000001,0.013999999999999999,627500.0,64951.0,0.174,0.364,0.076,0.32899999999999996,0.11,0.33,0.065,0.107,0.139,0.09699999999999999,0.016,0.107,0.316,0.39399999999999996,0.271,0.8722871452420701,0.018404907975460124,149.0379098746588,-35.347079611934866
801081096,Stirling,2147.0,1623.3,44.6,0.174,0.26199999999999996,0.0176,0.015,0.779,0.24600000000000002,0.017,0.083,0.053,0.01,0.021,0.025,0.02,0.011000000000000001,0.008,806000.0,64361.0,0.20600000000000002,0.332,0.091,0.32799999999999996,0.129,0.316,0.124,0.1,0.163,0.057,0.038,0.057,0.41700000000000004,0.298,0.23199999999999998,0.8239339752407153,0.021739130434782608,149.0493021629546,-35.34967803573348
801081097,Waramanga,2711.0,1585.6,40.6,0.217,0.191,0.0194,0.015,0.743,0.213,0.013000000000000001,0.063,0.035,0.011000000000000001,0.022000000000000002,0.015,0.023,0.013999999999999999,0.013000000000000001,700000.0,68077.0,0.171,0.364,0.092,0.357,0.14800000000000002,0.359,0.115,0.08900000000000001,0.159,0.03,0.011000000000000001,0.08900000000000001,0.3,0.369,0.297,0.7708129285014691,0.04294478527607362,149.0621496914435,-35.35295878854587
801081098,Weston,3693.0,960.2,42.5,0.21200000000000002,0.207,0.0245,0.013000000000000001,0.7070000000000001,0.22,0.019,0.068,0.026000000000000002,0.012,0.028999999999999998,0.015,0.027000000000000003,0.012,0.011000000000000001,748800.0,68966.0,0.179,0.39,0.11,0.387,0.177,0.387,0.105,0.07400000000000001,0.10800000000000001,0.044000000000000004,0.018000000000000002,0.067,0.359,0.37,0.249,0.7918939984411536,0.010666666666666666,149.05881761344605,-35.33254927401514
801091099,Chifley,2506.0,1577.2,38.6,0.17600000000000002,0.171,0.0175,0.017,0.756,0.273,0.015,0.062,0.027999999999999997,0.003,0.039,0.026000000000000002,0.07200000000000001,0.015,0.012,825000.0,64530.0,0.191,0.342,0.10800000000000001,0.41200000000000003,0.11199999999999999,0.305,0.099,0.17800000000000002,0.131,0.034,0.042,0.08900000000000001,0.306,0.297,0.35700000000000004,0.6921508664627931,0.02564102564102564,149.07684071560283,-35.35338501367666
801091100,Curtin,5331.0,1108.8,41.6,0.213,0.177,0.0182,0.01,0.683,0.22899999999999998,0.012,0.076,0.025,0.006999999999999999,0.027999999999999997,0.018000000000000002,0.035,0.02,0.008,925000.0,72271.0,0.171,0.424,0.153,0.49,0.16899999999999998,0.418,0.057,0.099,0.11900000000000001,0.044000000000000004,0.016,0.059000000000000004,0.41200000000000003,0.306,0.255,0.8411016949152542,0.01263157894736842,149.07763895243406,-35.32462388515902
801091101,Farrer,3360.0,1624.2,41.1,0.204,0.182,0.0196,0.01,0.752,0.24,0.018000000000000002,0.073,0.027999999999999997,0.009000000000000001,0.032,0.017,0.04,0.013999999999999999,0.012,835000.0,68004.0,0.19,0.391,0.11800000000000001,0.41,0.156,0.40399999999999997,0.047,0.106,0.149,0.059000000000000004,0.033,0.019,0.40700000000000003,0.353,0.196,0.8059701492537313,0.016574585635359115,149.1050014505672,-35.37671490084181
801091102,Garran,3663.0,1358.4,43.0,0.23,0.20800000000000002,0.0159,0.008,0.764,0.33,0.023,0.083,0.028999999999999998,0.013000000000000001,0.042,0.04,0.076,0.013999999999999999,0.01,1057500.0,77759.0,0.16699999999999998,0.45399999999999996,0.153,0.475,0.161,0.545,0.03,0.076,0.087,0.031,0.012,0.021,0.34700000000000003,0.293,0.321,0.5991452991452991,0.01858736059479554,149.1084647113367,-35.341376705430335
801091103,Hughes,3004.0,1678.8,40.5,0.212,0.177,0.0165,0.012,0.645,0.24600000000000002,0.025,0.084,0.02,0.006999999999999999,0.025,0.02,0.028999999999999998,0.024,0.013000000000000001,950000.0,73574.0,0.19,0.441,0.163,0.48599999999999993,0.142,0.462,0.033,0.125,0.128,0.019,0.008,0.057999999999999996,0.375,0.324,0.252,0.7454370797310279,0.03550295857988166,149.09491536727091,-35.33267372082523
801091104,Isaacs,2341.0,758.1,49.0,0.162,0.27799999999999997,0.0194,0.006,0.785,0.366,0.016,0.073,0.048,0.028999999999999998,0.047,0.038,0.08,0.016,0.021,1045000.0,70614.0,0.179,0.395,0.133,0.425,0.165,0.39399999999999996,0.040999999999999995,0.095,0.16,0.05,0.024,0.037000000000000005,0.49700000000000005,0.278,0.2,0.8242009132420092,,149.11555984251137,-35.36861140615183
801091105,Lyons,3141.0,1388.7,39.6,0.153,0.195,0.0143,0.016,0.727,0.321,0.024,0.064,0.027000000000000003,0.011000000000000001,0.046,0.039,0.078,0.013000000000000001,0.022000000000000002,890000.0,59655.0,0.198,0.312,0.113,0.37,0.086,0.266,0.13,0.163,0.136,0.038,0.021,0.149,0.289,0.204,0.46,0.505957108816521,0.017316017316017316,149.07396794057087,-35.3405920026388
801091106,Mawson,3384.0,1601.7,39.9,0.179,0.18899999999999997,0.015300000000000001,0.017,0.762,0.34299999999999997,0.017,0.063,0.031,0.015,0.045,0.036000000000000004,0.099,0.016,0.022000000000000002,792500.0,62131.0,0.17800000000000002,0.336,0.111,0.414,0.11699999999999999,0.321,0.125,0.133,0.111,0.071,0.03,0.076,0.31,0.27399999999999997,0.39399999999999996,0.5614035087719298,0.0273972602739726,149.0986313540562,-35.36338812883861
801091107,O'Malley,1074.0,412.0,47.7,0.149,0.23399999999999999,,,0.801,0.41600000000000004,0.022000000000000002,0.051,0.081,0.035,0.048,0.05,0.061,0.042,0.025,1637500.0,72904.0,0.182,0.431,0.15,0.467,0.278,0.413,0.035,0.022000000000000002,0.126,0.039,0.044000000000000004,0.022000000000000002,0.528,0.332,0.111,0.9540983606557377,,149.1128067193992,-35.35252116016076
801091108,Pearce,2702.0,1586.4,44.6,0.16399999999999998,0.22,0.02,0.016,0.741,0.239,0.02,0.066,0.035,0.006,0.024,0.013999999999999999,0.042,0.012,0.013000000000000001,955000.0,71870.0,0.166,0.41600000000000004,0.11199999999999999,0.413,0.142,0.39,0.057999999999999996,0.11900000000000001,0.126,0.052000000000000005,0.032,0.045,0.374,0.327,0.27899999999999997,0.6291793313069909,0.01775147928994083,149.08338512826114,-35.36220879931701
801091109,Phillip,4274.0,1659.9,33.9,0.147,0.086,0.0144,0.013000000000000001,0.8049999999999999,0.47200000000000003,0.016,0.047,0.023,0.019,0.08,0.061,0.18899999999999997,0.013999999999999999,0.024,,73101.0,0.133,0.37799999999999995,0.124,0.516,0.064,0.47600000000000003,0.064,0.122,0.09,0.043,0.018000000000000002,0.11,0.151,0.23,0.5920000000000001,0.0021474588403722263,0.015209125475285171,149.09090470926134,-35.34702120247187
801091110,Torrens,2162.0,1661.4,42.4,0.196,0.19,0.0229,0.012,0.728,0.24,0.016,0.062,0.032,0.01,0.027999999999999997,0.027000000000000003,0.044000000000000004,0.012,0.006999999999999999,740000.0,68967.0,0.17800000000000002,0.4,0.1,0.39799999999999996,0.187,0.35600000000000004,0.076,0.121,0.121,0.069,0.021,0.045,0.368,0.358,0.252,0.8640406607369758,0.028985507246376812,149.08773937788098,-35.372014169943235
801101135,Coombs,3806.0,1642.0,31.5,0.26599999999999996,0.037,0.0235,0.013999999999999999,0.795,0.35200000000000004,0.01,0.044000000000000004,0.017,0.025,0.062,0.040999999999999995,0.128,0.011000000000000001,0.013999999999999999,820000.0,74179.0,0.14,0.402,0.14400000000000002,0.47600000000000003,0.124,0.452,0.07400000000000001,0.102,0.121,0.055,0.017,0.043,0.106,0.738,0.13,0.5317073170731708,0.02100840336134454,149.04244291617826,-35.31674838121605
801101136,Denman Prospect,963.0,203.0,30.0,0.25799999999999995,0.023000000000000003,,,,,,,,,,,,,,965000.0,90337.0,0.13,0.547,,0.0,,,,,,,,,,,,,,149.02482065986257,-35.296408215894644
801101139,Wright,3786.0,2977.4,32.6,0.2,0.041999999999999996,0.0105,0.005,0.752,0.293,0.018000000000000002,0.040999999999999995,0.013000000000000001,0.023,0.044000000000000004,0.043,0.08900000000000001,0.013999999999999999,0.008,872500.0,79150.0,0.11,0.44,0.13,0.496,0.135,0.452,0.076,0.071,0.14400000000000002,0.061,0.012,0.028999999999999998,0.069,0.698,0.21100000000000002,0.3428308823529412,0.048,149.03360131559973,-35.31926720098609
801111140,ACT - South West,590.0,1.4,34.1,0.24799999999999997,0.066,,0.006999999999999999,0.6060000000000001,0.11699999999999999,0.012,0.044000000000000004,0.005,,0.009000000000000001,0.006,0.005,0.021,0.016,,64227.0,0.126,0.35,0.085,0.251,0.191,0.27699999999999997,0.064,0.106,0.191,0.054000000000000006,0.025,0.085,0.17,0.614,0.19,0.98,,148.960693334558,-35.39099846080788
